user_id,month_index,previous_month_spend,spend_2_months_ago,spend_3_months_ago,avg_3_month_spend,purchase_count,avg_purchase_amount,online_purchase_ratio,electronics_spend,fashion_spend,food_spend,home_spend,other_spend,next_month_spend
U0163,24,10908.22,10953.22,9630.85,10497.43,18,672.93,0.759,2902.75,478.25,1409.83,1999.35,4118.04,10470.84
U0136,24,7976.77,8939.47,7689.94,8202.06,13,569.58,0.442,1561.23,1153.95,1369.46,1036.18,2855.96,6924.7
U0075,24,7233.37,7489.6,7514.0,7412.33,17,467.79,0.683,764.09,1454.61,285.22,1149.45,3580.01,6799.45
U0224,11,15939.75,15623.73,14574.77,15379.42,12,1523.65,0.815,6053.33,1476.46,1513.52,4544.88,2351.55,14146.81
U0076,14,5424.04,5409.88,5044.63,5292.85,5,1214.41,0.271,2094.89,1212.88,853.49,7.23,1255.54,4603.24
U0171,24,4890.5,4633.59,5022.7,4848.93,6,826.58,0.763,1661.07,1925.06,376.97,570.01,357.39,4027.92
U0008,19,8452.52,9138.91,8069.53,8553.66,6,1521.32,0.571,1383.44,2619.03,275.85,1625.6,2548.6,7192.75
U0036,18,10390.93,9449.53,9617.82,9819.42,7,1611.91,0.851,314.61,1020.85,3730.66,1063.97,4260.83,7512.74
U0126,4,5611.74,5091.39,5162.62,5288.58,12,439.12,0.397,2076.67,251.36,1139.68,214.48,1929.54,3638.17
U0140,12,9375.56,10351.6,11515.09,10414.09,9,1043.06,0.516,1505.76,2777.66,1313.86,2487.21,1291.08,8567.77
U0002,5,8498.55,8872.58,8049.77,8473.63,14,685.05,0.659,1799.63,682.15,1516.54,3574.51,925.72,7994.75
U0180,7,4049.66,3630.02,3233.31,3637.66,12,314.8,0.71,1186.98,1105.39,971.86,550.16,235.26,2891.94
U0212,20,12220.38,11264.27,9773.34,11085.99,11,1056.8,0.678,3264.99,1503.18,1717.42,1374.86,4359.93,10023.93
U0233,18,22684.55,20127.58,18295.07,20369.07,11,2238.83,0.56,4135.96,1366.17,8948.31,2601.58,5632.52,13790.57
U0083,14,4846.11,5140.65,5616.86,5201.21,7,770.53,0.821,381.38,99.83,187.51,3090.1,1087.29,5105.47
U0194,21,9010.1,8369.94,8004.21,8461.42,15,592.68,0.821,1592.87,1077.92,1017.89,932.97,4388.46,6830.18
U0084,15,3801.97,3415.31,3743.42,3653.57,14,262.1,0.815,425.37,1602.15,725.75,299.32,749.38,3608.14
U0130,17,14933.67,15923.38,14224.38,15027.15,13,1299.62,0.429,2581.54,959.87,4749.18,1989.68,4653.4,11836.73
U0151,16,15963.53,13802.95,14410.61,14725.69,8,1741.6,0.388,3237.88,5622.18,596.8,1924.52,4582.15,10948.13
U0055,19,8682.82,8716.11,9533.3,8977.41,8,1152.68,0.647,2998.24,1266.96,2656.34,804.99,956.29,7440.11
U0124,18,12169.59,11885.36,12238.1,12097.69,12,867.34,0.892,5853.73,1664.27,2252.3,1733.21,666.09,10688.34
U0050,11,18487.36,16086.61,15740.35,16771.44,13,1436.67,0.616,4933.28,1821.25,3800.42,3411.41,4521.0,16018.89
U0102,8,14891.76,15203.8,12098.07,14064.54,8,1614.2,0.451,2235.14,798.05,3130.16,2809.69,5918.72,12248.04
U0154,15,46334.8,44958.54,47271.3,46188.21,12,3304.68,0.558,5614.34,1684.58,2031.59,23546.77,13457.53,40601.81
U0162,14,9534.17,9347.16,8439.69,9107.01,15,722.9,0.558,545.97,453.39,3154.55,2114.96,3265.31,7714.89
U0128,5,3369.82,3333.38,3472.83,3392.01,13,271.15,0.886,517.72,184.61,808.18,282.96,1576.35,2586.31
U0119,18,3339.13,3006.74,3497.38,3281.08,10,319.19,0.406,893.42,1121.71,185.75,899.39,238.86,2315.52
U0176,23,3629.74,3731.39,3606.96,3656.03,10,352.34,0.637,796.35,174.43,184.32,1198.55,1276.09,3544.09
U0098,19,13380.37,14405.32,14990.39,14258.69,11,1148.82,0.627,2887.58,1341.06,2160.15,3224.88,3766.7,13648.94
U0014,17,35580.76,35880.95,29256.53,33572.74,11,3261.27,0.606,4920.03,2452.4,5481.79,11912.71,10813.83,29853.5
U0134,20,8522.34,9604.68,9639.88,9255.64,12,664.71,0.878,3365.97,3136.78,177.14,601.3,1241.15,7910.0
U0050,23,61990.56,58444.5,55663.42,58699.49,15,4200.22,0.335,5088.61,10919.38,17927.78,23760.37,4294.42,56776.5
U0118,9,5415.86,6013.66,5727.95,5719.16,9,691.06,0.559,906.38,2316.56,432.79,257.13,1503.0,4908.27
U0024,9,24402.84,23786.0,26829.52,25006.12,7,3997.8,0.836,5639.36,3121.53,399.11,10434.3,4808.53,24634.5
U0049,6,5443.12,5047.71,5330.24,5273.69,18,327.06,0.73,417.53,807.65,569.03,553.33,3095.58,5095.51
U0100,4,11411.85,10530.36,9823.13,10588.45,12,913.49,0.569,4275.23,800.76,992.97,2395.63,2947.27,9559.31
U0229,12,7906.54,8222.97,9354.6,8494.7,10,876.47,0.272,2015.51,1137.33,577.53,1128.36,3047.82,8334.74
U0060,13,8450.39,7744.25,7890.08,8028.24,6,1575.1,0.478,3200.85,1762.74,2481.83,311.3,693.67,6827.98
U0183,13,14339.28,13082.42,14434.26,13951.99,6,2090.77,0.762,2508.66,3036.7,3722.28,2066.02,3005.62,14011.96
U0056,10,6821.6,6375.95,6488.99,6562.18,8,976.76,0.486,1877.72,1820.05,712.4,1800.16,611.26,7245.68
U0240,10,12107.15,10698.46,10430.82,11078.81,11,1162.54,0.822,99.4,1260.9,3273.05,4081.41,3392.4,8682.16
U0009,21,28206.42,28373.42,26543.98,27707.94,6,4416.01,0.368,2998.8,205.4,5306.11,7463.93,12232.18,27264.29
U0073,23,3880.64,4312.32,4742.65,4311.87,11,369.71,0.32,1097.42,497.73,840.48,200.76,1244.25,3209.98
U0074,18,4898.2,5149.1,4869.61,4972.31,8,653.79,0.749,1319.12,682.31,1571.66,465.23,859.89,4182.93
U0034,8,999.17,974.92,1050.45,1008.18,14,100.0,0.564,187.53,24.68,190.54,435.3,161.12,762.43
U0159,16,3394.71,3591.07,3282.25,3422.67,5,654.53,0.479,1613.29,844.06,78.53,520.35,338.49,2405.12
U0164,22,10117.83,9496.8,8537.73,9384.12,7,1452.7,0.67,464.11,3389.56,535.31,2765.18,2963.67,8231.52
U0194,16,3459.88,3022.84,3498.35,3327.03,11,329.91,0.493,924.15,35.55,739.55,663.29,1097.35,2861.23
U0054,14,11427.87,12075.05,10877.11,11460.01,11,1045.73,0.373,4047.79,2719.23,452.67,2629.13,1579.05,11458.2
U0177,4,8048.8,7812.71,7566.68,7809.4,4,2178.12,0.326,2147.18,1025.12,350.04,1023.85,3502.61,6407.62
U0148,4,21025.69,20778.68,19411.75,20405.38,14,1514.2,0.546,936.84,8002.99,4583.95,2967.77,4534.14,16727.06
U0214,4,5661.41,5451.2,6404.25,5838.95,11,581.47,0.901,1261.75,590.45,1412.39,849.49,1547.33,5636.62
U0110,22,11437.08,10505.29,10094.8,10679.06,8,1258.55,0.596,850.04,656.27,1565.32,4924.53,3440.92,10048.0
U0105,4,2995.36,3280.93,3309.09,3195.13,9,354.64,0.809,701.86,776.4,513.93,550.57,452.59,2757.05
U0229,5,5375.73,4622.47,4328.53,4775.58,6,820.51,0.875,698.85,673.45,2033.51,636.77,1333.14,3704.69
U0199,16,15985.28,14387.8,14364.41,14912.5,18,1018.36,0.557,5942.13,3673.78,1103.61,3788.66,1477.11,13285.55
U0052,16,70877.27,69338.87,68272.14,69496.09,8,7722.61,0.749,2507.94,4731.69,2120.93,57132.6,4384.12,50231.66
U0205,5,6680.37,6355.9,5692.27,6242.85,9,784.78,0.766,441.77,1852.65,957.18,2672.54,756.22,5599.05
U0173,20,14654.97,13483.21,12829.08,13655.75,15,989.32,0.473,1419.35,892.44,976.51,4317.08,7049.59,10048.21
U0088,13,8851.14,8075.64,8413.29,8446.69,3,3362.44,0.755,3795.71,260.73,1955.38,575.6,2263.71,7091.43
U0119,19,16902.16,17840.64,16900.01,17214.27,10,1873.8,0.28,2141.16,2435.29,3974.65,1999.34,6351.71,17682.17
U0068,19,10494.58,10864.95,12872.34,11410.62,9,1007.72,0.114,3446.94,738.37,4453.5,598.51,1257.26,9466.74
U0098,24,4373.39,4631.77,4994.3,4666.49,9,470.72,0.416,933.51,1026.48,333.27,327.2,1752.94,3464.56
U0091,22,54291.22,48675.89,45358.41,49441.84,13,4372.3,0.725,19592.93,1617.12,11070.68,14103.57,7906.92,44313.87
U0092,5,18022.68,18239.16,16482.87,17581.57,9,2014.69,0.745,3394.85,1545.68,5209.34,4718.32,3154.49,17871.11
U0076,11,13848.09,18922.2,19665.13,17478.48,16,961.01,0.65,1026.3,952.42,4431.05,4871.74,2566.59,15589.34
U0172,4,14977.06,12851.2,15362.48,14396.91,8,1726.95,0.283,2028.71,122.83,3680.79,8212.85,931.88,13685.24
U0031,12,23333.05,21570.05,21386.68,22096.6,7,2972.17,0.52,4203.8,11627.25,1273.76,2668.53,3559.73,19116.34
U0128,9,6164.19,5411.49,6288.39,5954.69,13,430.31,0.567,518.18,570.78,3900.5,740.64,434.09,4439.72
U0236,20,15822.14,16265.2,16002.11,16029.82,14,1094.09,0.609,5072.82,2981.56,2922.26,3324.8,1520.71,12773.17
U0202,11,7064.0,7286.68,6561.22,6970.63,13,468.45,0.778,1543.4,263.36,2504.15,527.57,2225.52,6405.56
U0193,13,12852.03,12420.49,15158.89,13477.14,8,1835.74,0.764,5512.02,2824.27,2329.76,607.95,1578.04,12097.99
U0003,19,8175.23,7975.24,9178.7,8443.06,12,730.5,0.431,2196.85,1951.38,2377.03,526.83,1123.14,6827.8
U0111,22,10540.12,11041.04,12821.74,11467.63,9,1028.85,0.902,1006.26,4703.71,397.51,1340.82,3091.82,10171.36
U0081,7,2205.39,2182.03,2443.77,2277.06,7,347.45,0.517,692.94,65.29,664.98,63.74,718.44,2566.0
U0095,5,5972.56,5898.93,6416.13,6095.87,12,477.42,0.44,2122.07,931.83,1436.31,955.88,526.46,5034.96
U0039,19,14722.12,15441.73,15412.67,15192.17,14,1200.6,0.765,1837.62,605.63,5218.24,743.94,6316.68,11360.03
U0235,20,14202.31,13296.21,13821.65,13773.39,10,1529.56,0.635,4847.52,1244.73,2250.04,3756.22,2103.8,12757.17
U0142,14,2816.35,3221.96,2944.88,2994.4,6,519.12,0.531,354.78,461.69,483.7,983.94,532.24,2229.35
U0244,14,14561.69,14165.46,14334.47,14353.87,6,2337.22,0.609,1297.25,4315.85,552.75,4328.31,4067.53,9066.25
U0052,13,2235.26,2572.05,2370.82,2392.71,14,140.44,0.46,698.23,315.43,571.74,309.14,340.72,2173.02
U0117,14,4352.25,4026.13,3893.45,4090.61,12,367.34,0.847,413.0,168.77,14.53,602.91,3153.04,4135.56
U0180,16,7020.94,8187.06,9836.93,8348.31,10,800.25,0.746,1522.84,863.78,1206.67,1494.61,1933.04,6876.91
U0202,9,3802.27,3885.82,4113.98,3934.03,17,204.4,0.244,420.68,879.29,375.15,1049.1,1078.05,3301.99
U0011,6,2248.7,2304.84,2173.63,2242.39,9,261.74,0.357,130.98,524.34,822.77,649.46,121.15,1705.63
U0090,17,4440.13,3884.06,3752.6,4025.59,10,489.42,0.511,1493.9,704.81,1132.34,185.93,923.14,3604.53
U0102,19,3910.78,4109.91,4364.43,4128.37,9,487.77,0.821,1992.29,1147.82,92.79,371.45,306.43,3154.53
U0080,10,2502.18,2675.31,2722.22,2633.24,9,316.51,0.621,616.27,232.83,632.7,586.86,433.51,1805.49
U0028,17,34328.37,26273.23,22486.14,27695.91,3,9751.84,0.506,12427.55,10203.08,1905.82,1699.27,8092.65,22817.08
U0167,10,13626.18,13248.31,14382.52,13752.34,12,1003.64,0.546,1828.55,1709.33,558.7,5976.63,3552.98,11599.21
U0068,6,8564.96,8103.56,8831.32,8499.95,11,724.24,0.743,553.1,1747.87,902.65,2249.62,3111.72,7184.18
U0175,6,7324.89,6365.28,6123.2,6604.46,9,695.73,0.593,130.51,1626.16,314.52,2028.48,3225.22,5928.85
U0249,4,5251.01,5234.96,5914.73,5466.9,13,444.26,0.663,557.57,2281.84,157.43,1475.38,778.79,4697.29
U0224,23,17077.57,20034.66,22423.93,19845.39,10,1765.5,0.471,6904.31,3160.68,2510.84,1044.55,3457.2,14979.99
U0085,4,8978.54,8333.7,10238.29,9183.51,9,1041.11,0.385,2525.32,600.66,365.68,407.16,5079.72,6267.12
U0242,13,14968.75,14159.56,13964.61,14364.3,13,990.87,0.562,4455.0,1644.16,3674.12,2368.9,2826.56,10439.58
U0125,12,16536.25,14184.12,14780.41,15166.92,21,882.22,0.553,1606.73,4909.39,2852.22,1592.7,5575.21,13918.97
U0048,11,23970.99,23621.51,23210.42,23600.97,12,2230.78,0.669,3282.05,11874.7,2813.79,3383.48,2616.98,19782.39
U0084,18,6687.63,6720.27,6199.75,6535.88,7,870.06,0.774,161.79,692.53,813.26,3435.86,1584.19,5355.21
U0237,5,6649.87,6834.17,7036.64,6840.23,8,899.01,0.54,2962.73,1294.45,153.27,953.15,1286.27,6271.44
U0084,19,16639.44,15528.81,14761.33,15643.19,10,1743.54,0.68,2299.91,6139.59,1884.25,1002.29,5313.4,13006.79
U0105,9,23639.54,26006.29,28088.67,25911.5,13,1856.92,0.635,9784.87,491.75,7152.14,4025.17,2185.6,18486.33
U0080,20,9565.79,8954.75,9033.35,9184.63,13,683.57,0.671,1470.45,2501.9,1953.09,1679.99,1960.36,9176.33
U0085,18,32221.43,29468.68,28181.59,29957.23,11,3118.66,0.7,13933.29,2663.75,2515.47,5151.78,7957.14,26534.23
U0091,21,9286.28,8202.66,7725.72,8404.89,11,777.08,0.52,1331.47,60.97,684.14,5030.52,2179.18,6631.14
U0103,6,5835.74,6773.05,6679.89,6429.56,10,670.61,0.83,449.17,1425.27,204.59,1796.67,1960.04,5267.6
U0163,9,2609.93,2782.31,3088.53,2826.92,14,188.66,0.576,1019.82,345.51,820.55,245.1,178.95,2030.21
U0219,18,14976.42,14946.15,17436.5,15786.35,12,1247.42,0.52,2145.13,277.83,3728.89,7248.98,1575.59,12910.01
U0087,13,5149.41,5375.15,6523.48,5682.68,13,366.69,0.333,1684.86,1918.69,13.24,600.06,932.55,4522.38
U0064,9,12408.4,13519.42,14197.85,13375.22,10,1175.49,0.811,6025.06,1317.12,690.5,1087.25,3288.47,11875.71
U0239,8,23052.5,21607.57,21211.48,21957.19,8,2669.56,0.888,448.01,3197.72,9606.26,2028.41,7772.1,16893.47
U0155,20,3566.37,3486.26,3343.51,3465.38,15,216.12,0.686,438.94,794.6,420.99,758.25,1153.59,3096.08
U0041,17,15190.79,14891.9,16653.05,15578.58,8,2017.67,0.635,2825.45,5123.46,1473.25,4171.41,1597.23,12201.19
U0026,5,7195.79,7467.47,7300.51,7321.26,11,686.25,0.571,1096.2,1345.42,1040.1,245.79,3468.27,7556.79
U0077,10,7603.78,6907.97,6050.87,6854.21,9,785.06,0.579,2825.34,455.19,2735.43,411.06,1176.75,6389.21
U0234,8,10777.46,9826.28,9491.32,10031.69,13,845.16,0.713,2805.55,2930.54,1363.94,821.08,2856.36,8687.74
U0010,8,10172.25,9276.54,8781.65,9410.15,9,1253.44,0.698,2454.28,2276.88,624.16,1150.69,3666.24,7788.51
U0200,14,7115.48,6724.58,6710.33,6850.13,8,792.88,0.355,1391.92,426.36,2434.28,1174.3,1688.62,5755.6
U0162,22,29424.16,27303.05,25282.89,27336.7,17,1575.2,0.682,5457.67,2341.07,569.47,6551.71,14504.23,25629.78
U0192,16,5922.05,7287.44,7299.17,6836.22,7,908.44,0.363,1987.75,759.14,716.83,1344.13,1114.21,5336.91
U0121,5,27887.3,31975.83,28661.06,29508.06,10,3105.61,0.596,10298.51,4130.92,2728.24,3813.58,6916.06,25579.97
U0094,12,10474.78,9205.35,9918.15,9866.1,12,789.37,0.267,3555.29,2154.55,1326.93,1701.33,1736.68,8695.15
U0184,6,6672.11,6888.55,6209.08,6589.91,7,970.36,0.618,2307.9,850.51,2145.29,75.87,1292.54,4589.44
U0047,13,7765.68,8319.06,9542.58,8542.44,12,649.12,0.677,2227.23,705.23,888.97,782.7,3161.55,6971.3
U0140,4,8016.1,7723.72,8065.51,7935.11,10,879.44,0.492,3228.75,178.56,537.58,2574.79,1496.42,7513.52
U0147,16,8936.49,9067.22,8412.21,8805.31,7,1127.32,0.677,5300.28,45.08,1357.58,651.0,1582.55,8140.52
U0226,17,5689.58,5447.25,5471.56,5536.13,16,317.42,0.799,1063.02,131.79,2131.79,540.35,1822.63,5397.7
U0043,18,7912.91,8232.21,7756.15,7967.09,6,1259.85,0.735,2659.38,1848.65,1467.75,1298.59,638.54,6295.85
U0246,8,7165.4,7628.23,7992.41,7595.35,9,774.83,0.752,30.6,5013.17,60.68,158.75,1902.2,5374.46
U0047,12,39913.89,39534.31,36924.63,38790.94,14,2823.69,0.259,2252.06,1642.83,21476.35,1928.44,12614.21,33009.62
U0004,4,6511.01,7237.2,6863.58,6870.6,13,537.07,0.469,571.73,1326.75,589.99,201.55,3820.97,5972.44
U0056,15,8200.83,7971.67,6882.18,7684.89,7,1192.55,0.657,1924.26,1424.22,872.08,448.87,3531.39,5237.4
U0192,4,3222.05,3745.37,3668.9,3545.44,10,346.2,0.851,596.32,1060.28,213.76,500.94,850.76,2527.42
U0122,11,6443.12,6257.1,6417.89,6372.71,6,923.25,0.758,389.82,942.91,3557.48,478.16,1074.76,3973.44
U0126,24,10597.43,11622.87,12902.22,11707.51,14,710.13,0.55,2087.1,1904.06,3501.94,1650.9,1453.43,10522.18
U0007,22,9338.17,10484.45,9685.3,9835.97,14,753.21,0.291,1157.27,1175.84,2620.92,1101.9,3282.24,8193.07
U0205,15,16239.16,16684.86,15573.52,16165.85,10,1530.67,0.425,1980.78,994.57,543.0,10960.99,1759.83,10881.97
U0247,19,3860.92,3797.96,3480.43,3713.11,11,347.31,0.804,833.85,265.32,379.97,1350.45,1031.33,3051.07
U0223,14,12768.07,11247.91,9423.43,11146.47,10,1433.54,0.749,4334.43,622.31,2708.03,2659.14,2444.15,11492.97
U0180,14,21806.79,22077.66,22044.2,21976.22,8,2636.2,0.896,2525.69,7206.4,7489.51,1877.85,2707.34,18704.79
U0217,13,47689.31,47699.58,47387.82,47592.24,9,5961.6,0.606,9770.03,8386.56,3655.41,5720.97,20156.34,39740.61
U0068,15,7641.66,7051.71,6580.74,7091.37,10,761.72,0.528,403.39,1355.21,2508.16,493.88,2881.03,6556.77
U0207,8,5116.37,5642.91,4823.44,5194.24,15,338.11,0.573,2650.87,827.76,239.68,469.04,929.02,4575.67
U0030,5,12921.2,12741.72,11985.17,12549.36,9,1440.9,0.771,1440.47,4256.26,3533.88,2550.01,1140.58,10756.27
U0069,19,33983.39,33016.98,30301.13,32433.83,17,1918.45,0.529,12165.34,1191.42,4767.15,5338.13,10521.36,26478.41
U0196,6,15662.59,15226.93,16277.23,15722.25,9,1679.86,0.418,3750.97,2916.23,927.39,5911.19,2156.79,11967.92
U0129,4,17858.61,16180.95,16351.97,16797.18,8,2395.3,0.561,3121.08,2735.58,2888.87,1006.31,8106.77,14659.61
U0048,14,8828.3,8697.24,8286.02,8603.85,13,631.64,0.916,3522.53,198.02,1280.74,1779.35,2047.67,6787.85
U0030,6,12316.68,10315.26,10980.78,11204.24,15,775.11,0.734,1253.26,609.87,2159.57,5574.07,2719.92,9708.57
U0055,13,10270.12,9878.81,11011.71,10386.88,6,1825.57,0.927,1219.33,2327.71,4553.48,970.03,1199.57,7932.0
U0052,10,5822.27,5422.13,4780.32,5341.58,18,368.41,0.544,1735.38,521.81,1455.53,817.71,1291.84,4458.95
U0181,15,14859.72,14327.6,14230.33,14472.55,13,1279.36,0.81,9668.66,2778.48,807.86,639.16,965.56,12294.49
U0084,20,7298.65,7030.66,6867.92,7065.74,13,578.59,0.312,1536.38,281.13,1088.73,3251.21,1141.21,6094.28
U0156,13,6420.26,5774.93,6385.55,6193.58,7,1011.02,0.905,1079.16,873.08,495.69,1529.07,2443.26,5388.17
U0185,22,6510.42,6899.29,6185.37,6531.7,18,404.91,0.965,1176.7,467.84,509.44,1245.16,3111.28,5644.94
U0161,20,8274.26,7940.53,7102.73,7772.51,7,1018.99,0.796,1820.11,3055.66,1124.76,574.77,1698.97,6803.47
U0197,9,12471.01,11533.92,12384.6,12129.84,15,749.52,0.592,2783.86,2055.3,2018.42,1370.98,4242.45,11019.2
U0147,24,12367.66,10317.77,10210.93,10965.45,11,1247.8,0.598,6113.27,1995.39,242.05,2374.22,1642.73,8696.19
U0027,9,6261.46,6795.89,6028.86,6362.07,10,710.31,0.884,1773.1,2498.12,736.15,497.66,756.43,5511.14
U0075,16,13528.82,13545.4,14159.63,13744.62,14,1100.57,0.893,3510.88,3072.24,1660.74,2916.01,2368.94,12675.93
U0090,23,29053.96,27516.08,26131.03,27567.02,16,1692.26,0.783,15684.66,940.45,5552.59,1353.72,5522.54,25348.43
U0054,15,61247.84,60475.56,58818.45,60180.62,11,5576.61,0.507,9950.81,3259.06,4324.68,32799.93,10913.35,61271.18
U0137,18,9318.9,9912.39,9531.57,9587.62,14,653.42,0.768,2036.49,1151.5,3469.14,1912.88,748.89,7214.08
U0086,21,12164.64,14127.31,18094.63,14795.52,7,1959.1,0.794,720.0,1982.98,2274.18,4037.54,3149.94,9981.89
U0002,15,16533.12,18716.1,18587.22,17945.48,13,1212.71,0.799,1157.78,1629.39,5246.48,6543.96,1955.5,15365.26
U0082,14,4478.67,4426.24,4708.36,4537.76,9,529.37,0.792,229.6,1388.92,58.33,1849.73,952.09,4277.33
U0183,8,16917.97,16893.38,17510.64,17107.33,13,1349.31,0.633,3631.8,4108.68,1968.83,3695.15,3513.5,11314.53
U0180,6,8615.56,9351.73,9405.85,9124.38,9,903.92,0.737,1032.73,942.76,1583.33,1571.44,3485.28,7742.59
U0129,13,11587.87,12502.9,14583.74,12891.51,7,1502.75,0.619,1293.2,4652.56,1030.69,1870.69,2740.73,9999.09
U0146,6,6063.84,7024.65,6451.78,6513.42,6,988.77,0.646,1334.1,1793.89,216.93,630.24,2088.68,6222.5
U0074,4,10088.85,8906.19,7211.59,8735.55,11,815.11,0.605,2032.49,1371.86,706.32,4265.54,1712.64,10025.75
U0198,21,9497.11,8537.44,7962.82,8665.79,9,1047.01,0.622,2049.93,2889.95,3026.04,705.75,825.44,6835.87
U0059,22,4109.84,3671.76,3546.36,3775.99,15,261.42,0.856,1416.94,1052.87,342.7,636.97,660.35,2786.66
U0045,19,26351.3,25044.34,24378.8,25258.15,10,2547.25,0.817,4533.54,609.73,1952.0,587.81,18668.2,25902.91
U0164,22,8232.96,7285.63,6838.37,7452.32,11,726.42,0.813,3588.15,2682.29,831.38,633.92,497.23,6485.59
U0026,12,4062.34,4626.32,4143.48,4277.38,9,391.16,0.436,1540.93,497.29,995.66,693.26,335.2,4074.36
U0059,20,6190.43,6634.5,5509.69,6111.54,5,1339.03,0.885,687.55,1769.44,1222.29,1035.33,1475.82,5379.52
U0216,10,6622.56,6435.91,6641.87,6566.78,7,1034.18,0.497,1866.03,607.28,716.85,1299.52,2132.89,6590.94
U0028,23,19148.93,19355.07,18852.77,19118.92,17,1294.98,0.662,2618.4,1590.01,5862.42,8134.2,943.9,16747.94
U0074,13,17086.02,13979.04,16824.69,15963.25,8,2440.49,0.82,2876.69,1955.35,2679.18,5236.22,4338.58,11265.64
U0032,17,6551.6,7362.45,7607.88,7173.98,13,467.08,0.735,694.51,1545.67,267.29,909.84,3134.29,5721.16
U0198,14,7584.23,7575.6,6863.2,7341.01,11,614.23,0.386,3232.3,364.58,716.36,1176.38,2094.61,6500.76
U0164,18,5153.4,4902.67,4777.46,4944.51,15,358.65,0.968,1214.79,398.35,1429.25,521.52,1589.49,4346.19
U0046,18,8803.87,8664.1,8430.76,8632.91,8,947.48,0.735,2267.53,3496.02,1152.41,1225.15,662.76,6878.02
U0119,10,9407.02,8430.6,7671.84,8503.15,11,831.45,0.519,2779.45,2040.7,2113.64,437.27,2035.96,6464.1
U0025,8,8796.41,8003.55,7477.8,8092.59,12,694.68,0.747,3451.67,912.55,1218.19,525.32,2688.67,7524.74
U0143,20,8295.82,8894.09,9826.55,9005.49,13,647.28,0.187,334.06,3189.8,1527.35,414.97,2829.64,7196.94
U0077,7,5212.06,5117.55,4954.34,5094.65,11,434.52,0.58,387.1,593.91,187.11,1566.34,2477.61,3985.84
U0220,21,2011.35,1920.2,1783.03,1904.86,7,284.29,0.62,677.49,56.83,328.93,410.3,537.8,2233.78
U0118,18,7247.46,6555.58,6814.86,6872.63,7,1044.62,0.773,1943.1,1594.27,1463.29,1485.64,761.16,5249.38
U0199,19,31636.97,29377.25,28666.5,29893.58,8,3392.31,0.778,11811.05,5789.5,5010.21,3050.42,5975.79,28719.99
U0063,18,8259.73,8689.27,8779.11,8576.04,17,554.0,0.756,3425.07,528.63,1780.2,1454.5,1071.33,7345.89
U0042,8,5447.71,4661.2,4378.75,4829.22,13,450.91,0.845,1430.86,112.54,1193.79,1167.83,1542.68,4380.31
U0015,7,4615.1,4936.35,4419.99,4657.15,17,305.11,0.763,1497.82,1551.32,289.81,1051.18,224.97,3672.81
U0150,22,2893.93,3134.78,3117.97,3048.89,12,212.34,0.545,772.66,1198.4,351.47,89.2,482.21,2579.03
U0155,24,16529.87,15937.67,14407.0,15624.85,5,3157.14,0.732,514.92,1110.62,5102.43,5800.86,4001.06,13717.45
U0145,15,10247.14,9932.57,9663.7,9947.8,18,558.33,0.673,3915.76,1666.88,660.45,3107.64,896.4,8031.54
U0079,6,10091.03,9433.32,9598.81,9707.72,10,928.72,0.443,2706.22,1050.17,837.34,161.27,5336.04,9719.77
U0245,22,13000.88,12073.48,11054.4,12042.92,12,968.71,0.236,3342.27,1164.79,2427.89,2185.06,3880.87,10248.11
U0014,16,5868.88,6516.35,6156.95,6180.72,7,857.76,0.876,250.74,1431.71,1178.3,499.91,2508.22,5662.3
U0050,16,10574.27,10393.51,10095.25,10354.34,8,1282.31,0.638,534.1,3113.33,3271.71,1811.64,1843.49,8337.33
U0168,16,3104.51,4096.47,4019.98,3740.32,21,167.83,0.533,1192.63,263.17,503.04,302.04,843.62,3058.09
U0127,15,30930.6,30161.11,30701.02,30597.58,13,2184.99,0.527,6335.77,5523.11,688.99,7369.14,11013.59,27921.11
U0162,9,11447.61,11691.68,11015.31,11384.86,10,1221.96,0.834,3181.06,194.3,4582.39,973.24,2516.62,11289.59
U0051,6,4879.72,5872.3,5546.63,5432.88,10,481.17,0.239,1180.04,354.62,379.99,353.52,2611.54,4233.91
U0232,8,4377.86,4511.27,4210.64,4366.59,6,771.85,0.71,1160.37,301.75,1946.92,271.36,697.46,4067.34
U0008,11,3754.88,3648.08,3626.86,3676.61,18,197.73,0.459,358.91,898.96,105.18,751.62,1640.21,2924.17
U0043,19,16252.99,17489.25,17972.92,17238.39,7,2386.41,0.442,870.58,1565.31,1583.59,1597.62,10635.89,12393.2
U0148,20,6501.18,6255.42,6254.94,6337.18,11,578.2,0.491,363.09,918.78,2017.92,229.54,2971.84,5364.19
U0141,17,8291.12,8094.59,8994.25,8459.99,12,639.78,0.748,682.16,305.31,2857.81,3569.86,875.96,7565.1
U0048,5,10666.83,10686.33,9286.24,10213.13,8,1181.91,0.587,1798.11,312.31,4761.64,868.4,2926.36,8597.62
U0200,9,15365.58,16127.31,15576.9,15689.93,9,1604.83,0.552,4919.66,661.06,1537.63,1064.01,7183.23,14308.63
U0112,6,11153.28,10396.69,10971.99,10840.66,18,614.4,0.467,3239.08,1213.76,2018.94,2691.6,1989.91,7987.99
U0017,5,28845.7,24975.91,23637.11,25819.57,15,1705.19,0.649,2749.74,11602.34,3619.03,2856.16,8018.43,21817.09
U0212,15,9640.38,9063.81,8965.85,9223.35,7,1184.79,0.485,6143.98,368.17,1746.13,377.47,1004.63,8963.11
U0120,18,19646.08,25286.95,21712.5,22215.18,8,2118.59,0.69,2650.49,2439.21,3196.1,8176.38,3183.9,14964.53
U0181,8,5205.76,4947.24,4397.33,4850.11,12,472.58,0.573,1473.67,1793.01,121.41,907.27,910.4,4756.57
U0154,11,3899.65,3948.43,3805.44,3884.51,8,450.68,0.886,1053.79,408.28,437.39,403.42,1596.77,2758.29
U0140,6,8788.58,10652.8,9274.18,9571.85,15,573.96,0.205,1947.81,846.68,3021.9,610.85,2361.34,7827.99
U0068,14,22664.85,21712.79,21754.41,22044.01,8,2959.15,0.367,4216.6,3725.56,1038.57,1597.61,12086.51,22226.99
U0008,24,24881.09,23052.87,23676.1,23870.02,9,3094.98,0.462,1220.78,1305.57,1766.34,11188.07,9400.33,15035.13
U0104,19,8391.01,8303.56,7691.61,8128.73,6,1191.27,0.668,1097.48,751.48,739.04,3414.2,2388.8,6063.99
U0231,5,31844.64,30080.71,29857.61,30594.32,9,3336.94,0.617,10180.09,2556.14,5131.81,1403.0,12573.62,24592.39
U0225,13,10739.93,10406.82,8977.32,10041.36,12,880.31,0.714,5282.87,178.58,2231.48,331.48,2715.52,9111.4
U0099,18,13991.53,12564.61,12884.24,13146.79,8,1699.79,0.7,5574.13,2313.32,2159.05,534.21,3410.82,13705.47
U0069,12,36855.83,33534.26,31270.7,33886.93,14,2851.19,0.607,2243.81,10059.05,13826.0,9439.43,1287.54,30292.55
U0042,6,13426.4,11465.92,10860.03,11917.45,10,1517.6,0.858,2468.6,2008.08,4808.57,1946.34,2194.8,10494.18
U0203,17,5304.25,4766.84,4815.59,4962.23,13,397.44,0.356,527.71,473.03,1247.3,1008.69,2047.51,4252.06
U0059,15,7476.23,8080.13,7984.25,7846.87,8,955.06,0.278,633.71,2763.82,1148.34,324.09,2606.27,7848.62
U0151,15,2433.11,2732.35,2397.86,2521.1,7,362.1,0.705,732.14,346.34,195.08,735.66,423.89,2418.71
U0160,14,11965.89,11915.7,10321.5,11401.03,10,1160.1,0.651,3158.92,1060.43,2866.03,4424.74,455.76,9482.33
U0010,11,12087.73,11166.23,10925.12,11393.03,9,1388.9,0.733,5968.82,887.63,462.74,227.32,4541.21,8373.23
U0079,24,20865.91,21045.28,18560.79,20157.33,10,1894.29,0.876,5650.24,846.88,1971.53,8583.35,3813.91,18251.89
U0062,19,9062.72,9226.27,10204.11,9497.7,8,978.2,0.404,1797.73,1302.14,1322.01,4062.7,578.14,6325.82
U0165,17,20476.37,18722.91,16621.57,18606.95,13,1669.41,0.556,4310.08,3163.7,2652.73,3971.1,6378.77,14779.12
U0243,13,20443.38,21967.14,21464.93,21291.82,12,1484.12,0.704,3267.47,523.58,2252.43,4236.55,10163.34,15068.55
U0182,21,7100.66,6536.81,6339.86,6659.11,11,700.35,0.733,928.03,533.39,2727.45,72.62,2839.18,5012.22
U0046,17,24813.7,26097.45,23880.16,24930.44,8,3506.36,0.349,3036.24,1295.85,6076.02,12502.69,1902.9,23661.79
U0047,7,10273.73,10725.31,12756.96,11252.0,9,1118.45,0.485,900.07,902.02,1619.86,875.58,5976.2,10577.99
U0081,21,11802.9,12893.52,11914.59,12203.67,10,1028.96,0.508,4164.0,744.04,1918.95,3394.69,1581.23,10824.81
U0183,7,7272.87,7152.1,8676.86,7700.61,12,691.39,0.585,750.23,2887.03,1108.49,1409.78,1117.33,6809.11
U0189,8,13646.78,13209.12,15420.44,14092.11,17,719.09,0.904,716.49,6123.37,2252.3,391.4,4163.21,12512.21
U0151,17,1910.4,2404.99,2358.99,2224.79,9,197.29,0.778,281.73,658.88,563.08,64.44,342.27,1837.65
U0244,7,4211.97,4458.29,4764.86,4478.37,11,361.3,0.621,1768.53,359.3,578.87,1108.49,396.78,4092.65
U0209,10,13205.79,12848.02,12466.01,12839.94,13,979.44,0.805,2527.21,1320.9,3021.2,486.16,5850.32,12120.58
U0013,22,5421.68,5810.54,6197.91,5810.04,7,862.34,0.669,3555.6,72.47,217.0,696.43,880.19,5339.42
U0103,8,7847.14,8275.7,8377.14,8166.66,13,682.02,0.757,1431.89,1883.72,1136.02,1937.66,1457.85,7583.44
U0190,16,11356.6,11765.48,10316.28,11146.12,7,1845.19,0.559,2523.71,5410.96,2002.06,1349.64,70.23,9123.24
U0128,24,19305.12,17790.49,19680.31,18925.31,6,3075.96,0.528,6825.08,1549.52,5116.67,2279.95,3533.91,16690.21
U0016,19,17718.35,16145.32,17885.13,17249.6,11,1532.9,0.469,2740.69,9116.91,1096.05,2195.6,2569.1,16002.92
U0198,22,4110.13,3542.24,3605.61,3752.66,14,279.48,0.675,440.87,549.31,1463.73,695.4,960.82,3975.91
U0231,18,5293.95,5082.92,5160.03,5178.97,9,511.7,0.674,1106.12,1204.44,152.25,2022.58,808.57,4442.45
U0074,24,26638.53,27374.66,26003.21,26672.13,10,2349.53,0.662,5717.28,7555.57,1087.2,5907.28,6371.2,18714.2
U0152,11,4797.89,5054.45,5119.17,4990.5,6,912.93,0.576,1610.67,728.56,757.4,1070.74,630.52,4745.84
U0186,20,3215.35,3485.89,3272.58,3324.6,12,277.6,0.655,566.21,716.94,427.08,1199.53,305.59,2891.5
U0101,17,5252.64,4823.49,5553.43,5209.85,8,739.78,0.784,1296.53,751.15,1100.68,1962.84,141.44,4714.78
U0053,5,10702.33,12552.99,12597.85,11951.06,14,703.02,0.733,1676.84,968.01,1578.86,2450.26,4028.36,9371.31
U0147,9,14294.32,14033.85,15103.55,14477.24,8,1526.61,0.695,3675.59,2384.15,2267.47,2073.48,3893.62,12336.19
U0173,8,25928.26,26858.08,28489.32,27091.89,12,2366.74,0.715,4139.73,7819.48,3207.8,6180.35,4580.9,21727.73
U0026,13,35665.9,33320.64,32779.56,33922.03,10,4046.18,0.656,10026.28,6956.12,9162.68,1296.62,8224.2,25809.47
U0222,12,23185.78,20335.86,19556.02,21025.89,10,2081.29,0.648,4568.89,2352.39,10917.37,3623.93,1723.2,18453.38
U0166,11,17407.59,15816.73,15105.85,16110.06,11,1462.23,0.868,5067.74,268.9,5169.76,6425.88,475.29,13833.55
U0041,21,5739.59,5113.19,5477.43,5443.4,11,490.08,0.223,617.2,439.07,144.51,2870.27,1668.54,4509.06
U0211,9,3460.48,3156.02,3151.51,3256.0,9,342.19,0.683,2130.64,309.25,521.8,221.99,276.8,2972.04
U0146,12,17604.76,16009.78,17822.17,17145.57,11,1389.71,0.699,2402.01,4417.33,1750.64,2722.83,6311.95,15670.85
U0172,4,8714.51,7770.41,8329.21,8271.38,13,701.21,0.309,925.16,2890.85,2816.99,1840.82,240.69,8178.07
U0157,14,3826.0,3328.39,3856.55,3670.31,15,288.25,0.431,985.76,347.92,391.24,742.39,1358.68,3474.46
U0091,21,33355.91,33106.51,30218.67,32227.03,7,5017.01,0.476,5979.85,4182.68,8977.63,7043.59,7172.16,26166.5
U0220,23,12704.95,11516.3,10236.14,11485.79,8,1489.53,0.588,3381.41,2150.76,1209.18,2141.84,3821.76,10827.13
U0094,17,8844.22,7919.32,8958.63,8574.06,13,599.45,0.866,1731.18,1307.92,1348.83,1566.93,2889.36,7855.59
U0151,22,3411.73,3406.37,4081.41,3633.17,18,214.92,0.392,1052.9,1244.21,346.7,426.9,341.02,3555.86
U0244,17,4664.07,4619.48,4431.45,4571.67,12,357.42,0.633,1834.76,118.09,988.31,510.73,1212.18,3701.6
U0108,17,4171.06,4835.6,4958.61,4655.09,11,357.96,0.653,1170.8,468.09,1224.91,879.31,427.95,3887.99
U0095,19,6139.84,5204.51,4599.28,5314.55,11,506.38,0.874,1034.6,1763.28,441.4,2073.48,827.09,4631.44
U0054,21,6736.65,6908.87,6411.28,6685.6,14,467.78,0.812,1661.27,974.68,1865.37,1641.33,593.99,4975.14
U0017,14,14295.11,13221.17,12054.48,13190.25,9,1524.13,0.412,7367.15,2655.12,2331.68,1250.83,690.33,11371.34
U0021,9,5413.3,5454.21,5149.38,5338.96,13,457.14,0.651,360.99,1023.28,616.07,1937.13,1475.82,3750.65
U0138,14,12399.81,10171.81,10797.48,11123.03,14,854.17,0.435,2308.66,788.95,1708.95,2621.59,4971.66,10818.87
U0174,13,10916.95,10444.56,10786.18,10715.9,14,716.02,0.768,1032.76,5179.94,2771.69,343.72,1588.85,10182.81
U0232,23,46995.66,42706.1,44286.13,44662.63,8,6600.14,0.588,3450.31,6787.74,11760.89,6815.4,18181.31,35033.58
U0038,4,10046.04,10425.32,10636.75,10369.37,7,1533.57,0.762,3432.3,408.49,1072.82,2913.36,2219.07,7955.27
U0245,16,14179.69,14169.29,14568.15,14305.71,8,1924.21,0.708,5285.36,2087.01,806.21,2412.3,3588.8,12982.78
U0085,6,12537.47,12956.56,16040.4,13844.81,17,733.89,0.713,2009.45,2100.0,675.76,5329.36,2422.9,10913.16
U0022,17,22361.29,22122.0,20539.27,21674.19,4,4863.42,0.834,3734.55,2062.9,194.49,11223.51,5145.84,17183.53
U0049,16,8406.6,9006.84,8331.54,8581.66,14,590.23,0.195,97.97,4001.7,1283.66,1221.11,1802.15,7767.81
U0130,11,29212.46,22705.31,21254.08,24390.61,15,1957.35,0.621,2341.44,4070.34,11926.82,7555.72,3318.14,22612.18
U0002,5,6285.83,6396.67,6257.78,6313.43,6,1028.64,0.697,524.51,1991.74,101.35,1253.01,2415.22,5694.47
U0213,16,56933.32,60764.83,61092.21,59596.79,16,3655.24,0.494,21370.84,4490.06,1401.45,4720.9,24950.08,49680.79
U0230,13,10473.37,11074.96,10768.31,10772.21,16,724.96,0.493,2693.72,3081.19,972.04,2301.78,1424.64,6881.28
U0232,19,5668.64,5274.78,5400.44,5447.96,13,399.73,0.54,1498.53,167.4,407.71,2450.98,1144.02,5014.85
U0075,9,7820.07,6549.54,7244.95,7204.85,12,721.3,0.505,350.51,1716.36,1457.71,2882.5,1412.98,6727.06
U0215,24,3661.86,3808.39,4067.94,3846.07,9,352.39,0.731,589.36,227.01,688.03,698.67,1458.79,3488.81
U0110,8,25509.85,26379.69,30496.18,27461.91,10,2659.45,0.788,6014.46,2166.84,1879.34,3606.2,11843.02,21392.94
U0049,6,7829.35,6769.95,6589.89,7063.06,17,484.23,0.723,4661.7,264.6,844.61,442.2,1616.24,6026.03
U0235,6,32742.53,31925.63,28506.45,31058.2,13,2309.94,0.581,5420.3,9031.96,1235.82,6106.19,10948.25,27760.74
U0159,20,11098.97,11195.3,11341.99,11212.09,10,1132.55,0.455,4121.17,130.71,825.65,4393.62,1627.82,8800.49
U0195,16,6678.77,7328.0,6907.41,6971.39,10,762.26,0.763,2393.63,2617.88,579.03,847.43,240.81,5942.98
U0026,20,11225.78,11648.13,12274.81,11716.24,12,971.75,0.806,1276.5,4290.19,607.29,716.64,4335.15,10293.68
U0183,19,11724.18,13387.53,13721.11,12944.27,8,1254.76,0.195,4143.45,354.16,1620.94,3220.54,2385.09,11677.61
U0147,12,20422.68,20031.22,21918.8,20790.9,7,2950.88,0.8,2192.01,3259.74,1470.32,4262.66,9237.95,19628.69
U0060,5,14293.98,13335.36,12569.83,13399.72,7,1822.72,0.614,3126.1,111.2,8640.68,672.44,1743.56,13038.88
U0237,11,6087.88,7406.73,8309.87,7268.16,14,497.8,0.633,1339.8,1001.95,2356.73,619.01,770.4,6012.09
U0245,14,18359.91,18386.86,22317.28,19688.01,11,1785.22,0.417,8855.26,828.45,1599.3,2841.14,4235.76,16372.48
U0145,20,12451.07,12147.79,12215.47,12271.44,16,873.34,0.676,5435.19,896.15,251.08,2196.89,3671.76,8778.25
U0064,10,11373.31,10773.29,9089.24,10411.95,14,787.66,0.714,1075.24,806.92,4350.06,4288.77,852.32,11041.79
U0217,6,3832.65,3461.37,3163.44,3485.82,9,481.14,0.703,430.72,270.0,343.61,1516.28,1272.04,3266.87
U0155,12,9128.0,9729.61,9490.6,9449.4,14,567.39,0.844,1404.75,3244.29,1915.96,1206.05,1356.95,8039.91
U0053,13,7437.75,8106.38,7780.33,7774.82,13,493.04,0.602,1784.41,1173.53,2343.11,787.85,1348.84,5029.58
U0072,10,9559.26,9481.41,8329.47,9123.38,6,1812.36,0.695,3849.36,386.59,2208.58,1518.78,1595.94,8596.02
U0044,20,5018.35,4684.78,5242.2,4981.78,5,1020.03,0.847,1391.36,1546.65,995.98,591.93,492.44,4258.4
U0054,7,8093.23,8155.88,8688.65,8312.59,14,520.35,0.648,1574.2,663.27,3268.36,1771.26,816.14,5407.96
U0025,9,8060.34,7739.03,7125.05,7641.47,9,932.83,0.767,1427.05,2177.63,952.11,1395.84,2107.72,8991.13
U0231,17,7116.73,7536.48,6150.94,6934.72,15,451.81,0.628,500.63,1948.28,1158.59,205.74,3303.5,6681.23
U0134,22,9074.5,8627.99,7968.51,8557.0,10,1007.03,0.539,1414.84,2791.77,1303.47,2028.03,1536.39,6576.71
U0135,23,14207.71,14836.2,15704.56,14916.16,7,1840.38,0.28,1774.0,1026.46,2236.65,7058.33,2112.28,12522.22
U0084,13,8206.09,8539.15,8943.63,8562.95,14,673.89,0.795,1008.51,512.05,539.62,3111.94,3033.97,5326.07
U0085,7,2391.97,2211.96,2280.76,2294.9,8,306.78,0.816,553.37,693.41,368.16,701.86,75.18,2141.81
U0237,13,5790.77,6345.36,6541.5,6225.88,10,604.38,0.662,1753.52,1918.04,55.2,645.95,1418.05,5773.94
U0012,4,6552.9,6735.32,6902.95,6730.39,9,824.91,0.771,413.94,1830.29,861.24,2089.88,1357.54,5204.43
U0104,18,6734.24,5987.09,6219.88,6313.74,12,595.29,0.622,1884.66,929.07,1778.09,651.76,1490.67,4855.38
U0094,20,25622.2,24810.47,23595.34,24676.0,15,1453.59,0.405,4989.17,8760.29,1581.22,6283.55,4007.98,23255.38
U0076,21,3034.75,3034.07,3156.45,3075.09,20,160.62,0.447,357.3,705.69,452.73,794.08,724.94,2147.89
U0151,24,12465.62,11817.0,11280.51,11854.37,12,900.59,0.716,2336.59,5175.64,867.99,1743.65,2341.75,9414.91
U0088,14,20930.26,23159.95,21235.37,21775.19,10,2188.25,0.636,2614.51,972.59,9386.07,4080.08,3877.0,16922.67
U0065,17,29493.75,26517.3,24725.02,26912.02,13,1956.67,0.413,8594.01,8252.6,7568.44,1994.18,3084.51,27898.52
U0094,4,6046.35,5564.03,5596.33,5735.57,13,527.59,0.449,1243.8,1701.78,484.36,1157.61,1458.81,5437.86
U0118,17,6732.97,7158.42,7057.26,6982.88,12,583.99,0.65,2628.14,402.12,1772.22,1554.67,375.82,5855.78
U0052,6,8350.56,8893.63,10053.76,9099.32,17,499.09,0.757,2474.58,546.98,932.83,2162.56,2233.61,6660.28
U0106,11,34472.8,34782.58,35844.81,35033.4,15,2134.38,0.847,4155.11,4968.2,2151.74,7857.94,15339.82,27113.99
U0171,21,9616.12,8970.47,8857.24,9147.94,12,772.02,0.746,5519.96,317.21,334.94,1462.77,1981.24,5821.38
U0126,22,3898.21,3785.38,3941.86,3875.15,15,246.48,0.675,340.11,181.56,446.33,471.53,2458.68,3292.1
U0183,4,28381.83,28382.71,28019.18,28261.24,11,2754.37,0.517,6768.94,4654.8,1779.1,7062.1,8116.89,23446.93
U0246,23,23271.3,21737.0,22728.35,22578.88,18,1260.7,0.299,3800.02,7020.73,4463.6,3688.22,4298.72,15659.0
U0250,18,9380.75,8090.5,7257.95,8243.07,16,565.99,0.717,1517.22,2397.65,1258.67,918.71,3288.5,7943.8
U0026,15,4368.67,4115.76,3785.91,4090.11,9,424.32,0.311,782.25,335.04,221.11,360.35,2669.92,3226.75
U0232,18,15336.28,14196.0,15106.47,14879.58,11,1417.5,0.935,441.21,3282.25,4339.07,1896.86,5376.89,13901.49
U0043,13,15941.88,15188.5,13950.59,15026.99,11,1263.27,0.389,5104.51,920.66,899.76,4151.5,4865.44,13116.51
U0133,9,3380.58,3189.61,2848.98,3139.72,18,168.36,0.573,355.07,1874.19,424.11,96.24,630.97,2773.73
U0001,11,5602.16,5028.02,5437.36,5355.85,8,715.96,0.392,1683.63,860.52,1447.32,724.86,885.82,4853.7
U0106,16,6087.76,6973.94,7888.24,6983.31,9,769.63,0.799,1921.52,884.89,445.78,1811.27,1024.3,4604.35
U0072,23,40645.88,36921.64,40859.03,39475.52,9,4115.5,0.726,12941.82,8239.25,7790.7,396.33,11277.79,29042.4
U0031,13,1910.9,1942.32,1858.79,1904.0,11,166.5,0.556,532.69,187.75,73.21,610.89,506.35,1633.51
U0123,19,6383.1,6112.25,6459.45,6318.26,9,703.91,0.582,1948.54,883.81,1949.47,1482.16,119.12,6038.18
U0082,13,6038.28,5931.66,6177.07,6049.0,9,667.07,0.823,1128.86,1311.54,995.27,726.18,1876.43,4719.6
U0079,18,20284.67,20297.1,20296.22,20292.66,10,1879.28,0.789,941.02,5525.22,759.37,5233.95,7825.12,16848.94
U0144,10,19600.55,19918.16,15163.06,18227.26,9,2290.24,0.543,1925.29,3539.06,3348.03,5827.87,4960.3,16266.12
U0013,12,7990.04,8483.93,8032.13,8168.7,10,907.86,0.58,2261.43,1299.2,1229.44,1859.61,1340.36,7388.68
U0168,9,8824.59,8165.24,8370.92,8453.58,13,772.15,0.517,2438.8,1243.65,1281.63,1431.13,2429.38,7432.13
U0088,9,11108.85,10074.44,9869.37,10350.89,12,1062.79,0.734,6437.88,1552.09,538.48,1324.49,1255.91,11206.96
U0113,24,15534.46,16619.45,17345.9,16499.93,8,1779.19,0.801,722.95,3684.0,3908.36,3853.7,3365.45,11969.01
U0094,15,2838.57,2496.12,2396.79,2577.16,10,279.81,0.54,208.15,1204.89,51.49,213.04,1160.99,1880.63
U0084,9,16897.88,19067.9,19489.15,18484.98,10,1691.07,0.703,3131.5,1722.92,6330.21,2285.78,3427.46,12734.22
U0178,6,5356.27,6209.84,6856.07,6140.73,16,374.52,0.586,1578.67,1576.71,923.78,611.07,666.03,4932.98
U0205,20,5547.46,5315.45,5333.55,5398.82,10,631.14,0.4,487.56,488.74,772.65,1984.41,1814.1,4721.94
U0004,6,4992.33,4598.82,4272.26,4621.14,7,691.98,0.764,2389.22,495.7,34.71,1581.87,490.84,3696.48
U0005,18,5368.0,5069.35,4606.03,5014.46,8,762.17,0.654,523.8,3317.08,490.85,160.14,876.13,3621.99
U0124,13,6221.52,6136.32,6011.44,6123.09,11,536.47,0.691,1453.61,65.76,512.27,1797.27,2392.6,6911.18
U0224,6,6245.83,6023.77,5626.31,5965.3,8,854.93,0.611,398.38,749.33,1196.24,2147.64,1754.24,4626.98
U0128,16,9540.27,8273.2,6289.38,8034.28,8,1099.76,0.501,1500.04,1252.02,3361.93,908.95,2517.33,7398.76
U0103,6,7269.44,7248.98,6017.62,6845.35,10,785.08,0.392,2515.79,268.35,1666.7,964.37,1854.24,6534.87
U0133,4,6493.47,6149.95,5949.85,6197.76,12,526.06,0.87,1015.61,694.15,2405.59,1796.33,581.8,4313.09
U0059,18,5732.46,5641.76,5371.26,5581.83,10,599.64,0.252,951.24,205.55,1726.09,2413.08,436.5,4245.63
U0071,18,19180.99,17339.17,17088.18,17869.45,19,1147.07,0.787,2480.76,7603.06,5428.29,1086.36,2582.51,12369.2
U0183,23,2290.31,2294.76,2089.92,2225.0,11,203.78,0.451,595.2,69.42,905.33,489.05,231.3,1411.49
U0237,14,3764.11,3448.77,3210.5,3474.46,6,658.8,0.807,1043.78,484.68,556.72,282.88,1396.05,3142.85
U0054,12,4718.08,4936.12,4913.8,4856.0,7,735.36,0.434,416.77,1318.27,27.65,1423.19,1532.2,3145.94
U0106,17,14417.89,13480.81,15818.88,14572.52,10,1498.58,0.796,3626.17,1140.78,4717.77,2771.35,2161.83,12008.8
U0207,7,15465.51,16179.74,16005.2,15883.48,14,1062.96,0.614,3816.01,1620.46,948.82,5644.06,3436.15,12355.96
U0047,7,11158.83,10593.73,10282.31,10678.29,14,872.34,0.73,5292.61,1457.14,696.15,915.25,2797.68,9010.2
U0175,5,11997.37,13162.17,10543.24,11900.93,13,946.59,0.72,825.55,3353.03,1734.21,779.44,5305.14,9016.97
U0204,10,6914.3,6097.57,6116.44,6376.1,8,893.75,0.586,1921.9,337.02,2729.78,1242.42,683.19,5677.59
U0127,11,13339.26,12848.07,12854.59,13013.97,15,866.88,0.783,1220.27,309.73,1232.23,2407.76,8169.26,10040.96
U0195,13,20682.4,21231.37,20803.96,20905.91,11,2105.35,0.658,2982.65,5167.63,5735.96,3191.42,3604.73,21194.74
U0187,15,38385.9,32412.46,29013.94,33270.76,6,6961.01,0.791,15245.78,1217.16,9303.32,7334.03,5285.6,30101.31
U0036,19,17486.56,15882.29,16056.08,16474.98,14,1177.43,0.772,1934.79,11791.56,1533.7,1605.01,621.5,14719.65
U0197,4,10066.37,10203.59,9737.04,10002.33,11,975.26,0.63,2951.37,351.68,2602.33,2203.95,1957.03,8303.13
U0188,10,14218.18,13834.15,12597.95,13550.09,11,1187.57,0.514,671.5,3491.56,3454.38,2487.95,4112.78,14596.49
U0231,8,17155.59,17906.53,17063.5,17375.21,10,1720.11,0.731,1443.06,6216.78,3492.2,1554.95,4448.6,13878.91
U0106,20,34849.01,34933.38,31107.93,33630.11,6,6610.4,0.841,5568.08,4662.79,13313.43,4396.44,6908.28,26710.67
U0116,9,17116.65,16982.24,16574.5,16891.13,14,1162.02,0.875,7384.01,1379.28,5727.36,1179.2,1446.8,13190.26
U0101,8,4171.56,4355.13,4336.41,4287.7,14,259.38,0.768,480.0,359.9,987.01,1142.82,1201.84,3009.6
U0245,9,9441.11,9728.5,8430.98,9200.2,8,1073.58,0.368,454.46,420.69,4028.3,2705.25,1832.41,8607.95
U0053,16,8860.28,9223.77,9388.01,9157.36,12,715.93,0.419,1211.46,2014.11,1620.63,306.41,3707.68,6561.41
U0200,24,16889.59,15881.35,14650.36,15807.1,12,1383.75,0.681,3104.94,730.92,1644.02,6078.36,5331.35,17384.17
U0063,20,24164.16,24744.24,26662.76,25190.39,7,3252.81,0.37,8643.01,2274.92,3373.67,7684.65,2187.91,18409.69
U0237,9,7332.01,6979.17,6664.76,6991.98,11,732.19,0.705,3474.4,2328.72,183.87,967.61,377.41,6469.22
U0164,16,1597.34,1628.76,1705.23,1643.78,10,142.61,0.571,118.58,170.55,779.47,342.78,185.97,1659.78
U0247,4,2211.78,2008.06,2150.94,2123.59,11,177.6,0.57,505.32,235.94,251.73,343.93,874.86,2327.21
U0168,8,9295.53,9010.55,8683.75,8996.61,13,785.88,0.526,3860.68,1226.19,629.67,1989.52,1589.48,8297.74
U0203,21,6608.83,6184.46,5523.42,6105.57,6,1151.07,0.785,1381.39,1124.57,885.0,2939.37,278.49,6279.57
U0249,24,28116.22,24372.52,22401.14,24963.29,12,2093.87,0.761,4359.03,7235.54,2099.97,3570.55,10851.14,22088.89
U0121,7,17285.84,16121.66,13808.59,15738.7,12,1544.03,0.637,5194.5,1413.28,2954.6,3042.26,4681.21,15528.78
U0083,21,58588.81,53105.47,47113.52,52935.93,12,4567.27,0.525,8881.11,1241.63,22852.12,11849.78,13764.17,44561.42
U0200,24,5562.62,5924.81,6334.09,5940.51,11,532.87,0.613,626.44,1417.17,1644.8,1080.78,793.43,5669.77
U0237,13,11016.45,10297.05,8555.91,9956.47,7,1716.22,0.849,2565.17,1605.3,474.62,2915.37,3455.98,7706.87
U0010,14,7077.24,6933.17,6713.83,6908.08,11,566.77,0.533,2001.56,135.48,1476.18,1478.14,1985.88,6395.1
U0089,24,2251.73,2147.2,2119.37,2172.77,9,255.37,0.625,213.72,203.18,796.43,420.94,617.46,2088.63
U0232,18,6172.26,6283.71,6381.01,6278.99,11,498.31,0.693,2276.96,1571.78,228.78,765.9,1328.84,5447.9
U0226,18,5314.26,6051.99,5587.11,5651.12,15,362.64,0.854,107.23,497.57,288.94,1986.86,2433.65,4607.05
U0021,9,7974.81,8121.29,8729.42,8275.17,9,994.09,0.408,424.97,2070.67,2061.14,1226.24,2191.78,7596.96
U0177,19,25612.49,25808.15,28753.6,26724.75,9,2553.35,0.853,1839.45,4431.49,5727.72,2474.68,11139.14,21302.42
U0003,11,9993.02,8536.07,8088.09,8872.39,10,910.8,0.551,1720.96,1189.77,1392.44,1623.48,4066.37,8725.99
U0157,7,11335.7,10977.7,9330.97,10548.12,12,901.04,0.719,3411.2,473.11,2727.36,2139.56,2584.48,9923.42
U0081,4,6640.48,6550.05,6089.23,6426.59,10,672.07,0.694,2356.79,937.04,565.43,469.51,2311.72,5417.41
U0231,22,38289.96,37505.06,42011.12,39268.72,9,4293.83,0.569,13948.57,3814.68,1523.24,5076.24,13927.23,28242.97
U0076,6,7903.06,6483.52,5579.47,6655.35,12,751.71,0.616,629.31,2498.37,1981.74,1766.5,1027.13,5561.53
U0123,8,49305.01,43046.46,45011.67,45787.71,8,5249.39,0.828,11852.05,13613.53,5957.62,11747.37,6134.44,40860.2
U0007,24,19342.0,18107.8,16260.15,17903.32,9,1835.82,0.673,1803.79,3405.74,6600.8,6319.17,1212.5,16164.41
U0082,22,11808.33,11565.1,10670.2,11347.88,11,1016.99,0.443,975.46,740.75,349.58,5307.56,4434.98,11419.12
U0157,12,4656.48,4412.74,4491.56,4520.26,15,279.62,0.706,542.09,1331.75,1809.24,482.56,490.84,3729.83
U0246,9,5658.44,5879.93,5468.65,5669.01,10,487.45,0.734,383.88,1044.23,555.3,3111.73,563.29,4590.47
U0070,24,7012.12,7120.81,6529.37,6887.44,16,478.17,0.966,802.35,380.22,1563.49,2108.98,2157.09,5982.73
U0166,9,10613.2,10579.23,9465.46,10219.3,8,1257.99,0.688,4699.33,2361.25,1217.69,1162.29,1172.65,11477.08
U0050,23,20260.7,24260.17,20906.67,21809.18,13,1336.52,0.637,3406.59,2033.37,4992.43,7013.09,2815.22,18634.01
U0215,6,7571.22,7407.82,7637.19,7538.74,21,343.32,0.61,4127.85,1157.42,866.11,801.52,618.31,6595.58
U0051,18,1431.79,1283.48,1264.78,1326.68,8,171.44,0.459,66.63,59.92,638.29,227.19,439.75,1737.55
U0106,24,4110.26,4548.34,4188.49,4282.36,5,759.56,0.564,2196.32,537.13,697.48,162.31,517.02,4107.72
U0036,8,10427.39,11682.27,12125.07,11411.58,14,758.31,0.689,4134.17,2735.52,516.06,1456.0,1585.64,9893.24
U0085,22,9527.46,9972.22,9706.22,9735.3,7,1311.91,0.492,2755.6,446.77,277.04,2476.66,3571.38,9120.09
U0181,9,5352.47,5115.19,4690.01,5052.55,10,507.33,0.348,117.5,2249.43,396.07,182.91,2406.56,4586.63
U0092,19,3432.64,2827.67,2474.46,2911.59,11,281.76,0.478,778.36,908.29,796.08,281.14,668.77,2556.82
U0062,21,3580.11,3767.67,4181.64,3843.14,11,349.98,0.762,835.81,886.56,464.03,413.23,980.48,3151.28
U0107,21,35603.26,32567.04,27813.86,31994.72,14,2337.16,0.709,9912.25,12381.81,1031.2,4715.53,7562.47,28754.23
U0149,20,8350.88,8598.55,10449.27,9132.9,4,2039.82,0.739,1572.64,679.95,1229.26,3117.39,1751.64,7851.25
U0123,7,10955.08,11372.51,10695.14,11007.58,9,1074.11,0.413,1846.69,33.99,1068.32,1620.78,6385.31,8490.21
U0250,21,10541.78,10913.13,10304.6,10586.5,10,1003.2,0.48,886.59,444.7,1463.93,5444.65,2301.92,9687.23
U0207,24,4313.89,4222.25,4329.49,4288.54,14,341.94,0.311,245.05,193.1,1299.06,594.08,1982.6,2775.78
U0092,23,14315.41,14962.38,15871.28,15049.69,9,1449.92,0.495,3213.09,4363.46,2653.89,3569.75,515.22,14097.4
U0225,13,9078.53,9658.62,10247.52,9661.56,13,690.68,0.6,1212.82,2397.93,700.82,3489.98,1276.98,8380.92
U0189,11,10682.83,10925.54,12425.82,11344.73,8,1433.64,0.657,3105.45,1700.02,3649.1,1013.2,1215.05,9147.44
U0068,6,6419.11,6214.94,6616.76,6416.93,11,506.6,0.697,595.13,1183.52,3315.34,484.12,841.01,5390.36
U0169,5,17616.5,17060.76,15666.63,16781.3,12,1522.92,0.523,2279.51,6915.66,3487.08,539.8,4394.45,10653.73
U0124,9,13788.15,13626.17,14021.44,13811.92,16,739.99,0.369,3714.53,1153.49,3328.99,3457.89,2133.25,13179.78
U0103,7,20323.54,20516.73,19739.23,20193.16,13,1382.2,0.466,6785.72,1340.83,4087.75,403.23,7706.01,21394.26
U0023,8,13397.36,15440.45,14059.62,14299.14,13,1020.77,0.544,2354.3,2622.01,222.74,814.86,7383.44,10436.31
U0036,22,5111.52,5189.7,5459.38,5253.53,11,450.99,0.844,196.98,466.62,783.7,3514.18,150.04,3904.33
U0074,4,6280.61,6601.28,6581.1,6487.66,9,631.93,0.519,490.77,931.6,2253.39,937.22,1667.63,4729.88
U0008,9,8507.96,8545.59,7645.72,8233.09,9,916.54,0.402,1596.26,1331.55,1332.14,1785.26,2462.74,6770.0
U0055,18,3237.62,3409.66,3566.1,3404.46,9,398.29,0.434,643.82,931.37,56.01,783.12,823.3,3115.1
U0238,23,8002.12,7784.82,6748.86,7511.93,10,788.81,0.695,746.79,1950.59,384.31,1674.3,3246.13,7015.26
U0003,24,11303.6,10812.74,11713.07,11276.47,5,2060.85,0.734,2457.13,1422.49,3243.02,1895.53,2285.43,8741.43
U0119,10,3090.69,3040.3,3085.56,3072.18,11,285.66,0.616,738.73,172.71,1614.46,389.71,175.09,2059.76
U0169,24,21731.81,22030.33,20696.46,21486.2,7,3099.3,0.653,2594.72,582.24,4619.79,8227.46,5707.6,18265.34
U0082,9,28513.46,32187.25,29646.67,30115.79,6,4649.93,0.794,11398.03,2636.04,3198.52,2160.99,9119.89,23304.42
U0089,19,9968.66,9773.12,9986.04,9909.27,9,959.02,0.351,2799.73,196.08,1371.7,4213.81,1387.34,9864.39
U0058,12,23573.05,25026.49,23107.39,23902.31,8,3082.32,0.395,3491.21,4555.06,10405.7,1395.95,3725.13,18942.31
U0071,21,18289.76,19911.33,18898.94,19033.34,14,1344.41,0.547,2470.08,1399.59,7253.2,6413.43,753.45,16624.29
U0133,23,15549.44,15270.6,15531.74,15450.59,9,1532.91,0.635,3236.99,429.79,161.29,1672.65,10048.72,15189.88
U0235,16,16278.82,16871.38,16170.71,16440.3,13,1151.39,0.343,1316.19,5598.87,1585.83,3972.21,3805.72,13337.08
U0203,16,9421.63,9503.79,10943.78,9956.4,10,904.73,0.45,1273.38,2753.93,2182.05,891.92,2320.35,6967.04
U0213,22,3934.86,3838.26,3679.87,3817.66,10,451.93,0.62,224.76,715.21,746.24,359.92,1888.74,2836.3
U0060,13,17517.87,16043.25,15700.7,16420.6,8,1869.58,0.592,6588.27,1282.24,4906.11,3252.64,1488.61,13555.94
U0203,16,8179.86,9263.87,9166.27,8870.0,11,693.09,0.807,856.62,611.9,1144.27,530.01,5037.06,6306.3
U0222,20,6225.58,5974.77,5920.57,6040.31,9,717.64,0.449,1112.2,528.42,482.11,1170.27,2932.57,5496.81
U0173,16,10822.97,11041.72,9593.7,10486.13,17,709.49,0.716,3181.28,121.84,2836.65,1048.19,3635.0,8991.92
U0139,16,38853.16,33650.27,31313.14,34605.52,9,3783.49,0.598,10074.8,4877.75,4042.97,10907.29,8950.36,33538.35
U0082,21,15023.69,15619.82,15903.39,15515.63,10,1467.15,0.558,299.94,3610.25,5656.13,1524.93,3932.45,11761.84
U0187,24,15226.04,16249.9,14517.89,15331.28,12,1323.77,0.774,5354.45,441.17,2160.74,3066.44,4203.24,11762.3
U0193,13,10386.86,10820.57,10373.38,10526.94,11,1012.46,0.608,2116.45,1584.13,1693.27,2456.02,2537.0,8913.73
U0022,8,5194.15,4870.63,5178.76,5081.18,10,502.99,0.507,360.56,641.81,703.05,2894.84,593.89,4915.56
U0152,24,11948.23,10240.03,9371.16,10519.81,9,1175.7,0.711,939.92,1090.79,2145.42,5601.89,2170.21,8916.55
U0011,10,9766.59,9888.27,8629.79,9428.22,9,940.74,0.896,1567.64,2769.25,778.4,4071.35,579.94,9361.75
U0238,24,12023.74,11894.09,12976.41,12298.08,9,1221.27,0.202,3750.57,949.83,2826.61,2611.12,1885.61,13174.63
U0118,10,4255.48,3794.71,3459.62,3836.6,19,227.45,0.941,1324.38,794.32,448.03,630.83,1057.92,3315.06
U0064,24,9330.7,9588.53,9981.42,9633.55,10,905.12,0.511,1440.17,1490.02,2030.05,1368.92,3001.53,7779.81
U0206,23,16946.19,16391.87,15099.85,16145.97,6,3068.05,0.652,7199.33,624.46,4311.86,146.96,4663.58,13398.78
U0106,10,19128.39,19430.32,18428.76,18995.82,13,1677.89,0.962,3581.18,3804.96,1482.9,2252.84,8006.51,14433.06
U0194,10,8170.94,8641.59,8602.65,8471.73,7,1231.83,0.444,640.48,1119.12,1823.4,2034.57,2553.37,6684.11
U0071,18,1854.67,1896.13,2128.13,1959.64,12,172.59,0.898,830.01,605.99,137.94,48.28,232.45,1636.51
U0210,19,14735.96,14309.21,16419.8,15154.99,15,899.57,0.809,4567.9,1680.0,629.44,5441.07,2417.54,12825.01
U0029,18,9996.71,10308.32,9440.5,9915.18,16,713.52,0.758,3663.17,2611.22,1116.07,1992.26,613.99,7719.47
U0045,20,5785.27,6014.0,5686.36,5828.54,12,535.87,0.602,63.98,751.09,962.09,1720.75,2287.35,5422.99
U0048,8,27184.8,27901.84,26107.62,27064.75,8,3168.26,0.284,5025.05,6427.86,16.04,7308.51,8407.34,25936.1
U0155,7,8071.29,7129.34,7262.58,7487.74,10,699.12,0.885,1863.95,1583.9,593.82,1038.08,2991.54,5686.35
U0091,13,4899.25,4966.39,4944.88,4936.84,12,353.23,0.9,1870.72,535.61,410.83,1146.23,935.86,3896.27
U0230,24,21588.91,23774.39,21423.3,22262.2,13,1439.79,0.701,2540.83,1119.84,10300.24,3891.21,3736.78,18150.76
U0209,9,20530.64,19457.84,24080.86,21356.45,5,3789.54,0.485,2266.25,10398.0,4260.01,2552.74,1053.64,16755.85
U0054,17,9036.91,8814.92,9002.16,8951.33,8,1205.73,0.782,3372.66,636.37,1483.99,807.94,2735.95,7746.6
U0148,19,10849.12,13514.89,14656.12,13006.71,10,1177.78,0.748,2456.32,1603.66,2443.21,1723.61,2622.32,9528.16
U0236,16,3570.66,3516.59,3448.89,3512.04,15,268.82,0.59,1430.97,246.63,223.43,429.68,1239.95,3192.14
U0081,15,8087.16,8701.52,9111.44,8633.37,14,532.44,0.57,634.53,357.95,1219.04,4948.51,927.13,5988.03
U0099,19,12042.89,11709.41,10773.82,11508.7,8,1565.9,0.563,2133.45,969.94,1593.99,722.86,6622.66,11032.56
U0243,4,44327.47,41556.89,37728.53,41204.3,9,5610.56,0.641,3992.56,17525.64,6093.35,4871.5,11844.42,36268.49
U0049,19,2515.33,2900.11,2500.34,2638.6,12,209.05,0.89,449.71,566.44,445.35,561.66,492.18,2134.86
U0154,14,26669.46,25909.05,27870.53,26816.34,14,1790.97,0.748,5623.28,6773.5,6610.94,2825.73,4836.0,20759.32
U0040,7,17814.08,16998.56,14806.06,16539.57,15,1203.73,0.542,3888.23,2635.65,4307.84,3380.11,3602.25,14495.15
U0160,7,45700.35,40864.45,45552.75,44039.19,14,2852.3,0.701,4624.72,3195.39,5660.13,11617.13,20602.98,36090.51
U0228,7,11818.75,10424.88,10309.51,10851.05,9,1425.28,0.329,2230.66,2086.62,2190.17,2954.82,2356.48,10646.74
U0064,23,6519.39,6337.82,5363.98,6073.73,4,1845.9,0.842,2359.16,676.43,151.08,1297.42,2035.3,5190.55
U0170,17,7822.51,7768.24,7396.59,7662.44,9,856.96,0.302,1468.12,233.93,4856.06,259.2,1005.21,5934.54
U0067,8,12356.81,10465.4,9049.53,10623.91,11,1063.47,0.583,2367.99,2699.04,882.76,3505.56,2901.47,9068.06
U0156,12,19689.26,19857.32,19477.15,19674.58,17,985.6,0.729,4716.52,4785.55,3446.47,2323.46,4417.26,15381.6
U0241,24,32785.86,33313.83,30703.39,32267.69,7,4450.83,0.565,8064.11,4437.17,4157.96,3043.34,13083.29,27155.37
U0075,6,6930.31,6888.97,6875.88,6898.39,15,492.89,0.718,3017.96,345.4,3272.97,70.91,223.08,6185.2
U0011,18,4079.43,3704.63,3495.23,3759.76,14,261.59,0.907,679.58,1273.89,258.19,1360.34,507.43,2708.44
U0139,4,42656.07,41357.38,37551.18,40521.54,13,3679.88,0.669,2718.23,5275.31,8217.25,12618.44,13826.84,32416.75
U0165,10,16673.65,14781.93,14796.37,15417.32,15,1088.18,0.637,2401.7,443.26,3070.35,7633.4,3124.94,13275.99
U0186,15,5778.42,5860.38,6188.05,5942.29,12,413.22,0.524,1667.16,1265.09,522.56,1212.4,1111.22,4409.77
U0135,12,30504.33,28987.24,27929.93,29140.5,13,2485.98,0.64,7608.44,11285.32,1859.06,8112.76,1638.75,30080.83
U0005,4,19158.9,16742.41,18786.29,18229.2,13,1366.29,0.747,4064.76,1087.09,4702.34,4876.75,4427.96,16693.09
U0137,5,21355.37,18892.59,18215.62,19487.86,7,2919.7,0.605,2589.63,3289.99,7760.97,6694.85,1019.93,16598.59
U0163,22,65496.18,62929.95,53278.33,60568.15,13,5085.29,0.574,4867.11,7995.78,39791.31,6601.01,6240.97,55331.7
U0125,8,16828.39,17665.52,15747.22,16747.04,11,1460.6,0.625,4987.95,3454.97,2533.86,2168.31,3683.31,15964.74
U0219,17,8472.75,7640.49,8040.9,8051.38,6,1314.85,0.46,2330.71,789.56,1224.94,610.64,3516.9,7378.29
U0109,16,2701.59,2397.92,2442.94,2514.15,10,287.42,0.665,1078.81,479.34,34.93,142.57,965.94,2095.29
U0017,9,13074.4,11483.95,11260.61,11939.65,11,1349.76,0.459,4072.93,1901.49,2483.1,3197.05,1419.83,13006.32
U0111,18,5794.93,5798.26,4999.27,5530.82,10,655.07,0.628,1156.69,1139.72,2121.59,584.85,792.08,4432.29
U0020,12,16095.82,16780.01,17527.87,16801.23,7,2549.58,0.562,3478.25,2020.81,2361.29,6168.55,2066.92,12978.74
U0061,11,7794.92,8089.32,7097.66,7660.64,11,751.19,0.518,1365.65,787.46,1810.65,3166.52,664.63,7086.68
U0179,13,16441.83,15316.41,13888.39,15215.54,12,1270.79,0.84,767.12,4078.61,678.96,6418.0,4499.15,9812.87
U0202,15,38179.63,34381.35,35341.62,35967.53,16,2721.0,0.298,8836.27,2986.87,2886.93,5818.22,17651.34,33001.96
U0033,16,10004.44,8667.97,9269.44,9313.95,17,530.79,0.703,1344.8,1773.78,3550.48,456.69,2878.7,9618.02
U0019,10,16442.77,17127.79,15666.1,16412.22,12,1269.4,0.452,980.82,2155.95,7073.58,1843.36,4389.06,13254.21
U0037,16,19718.14,16905.97,17631.47,18085.19,12,1858.8,0.797,2169.3,4408.36,7913.89,612.47,4614.13,13467.42
U0109,10,16115.24,14446.74,14038.85,14866.95,11,1409.85,0.417,3845.1,2467.46,5561.25,2562.67,1678.76,11277.25
U0197,20,12654.49,13479.15,13382.34,13172.0,14,998.14,0.842,646.87,926.03,5919.79,2969.56,2192.25,10108.58
U0071,17,1466.23,1423.55,1486.33,1458.7,12,123.91,0.591,70.08,217.23,307.46,258.05,613.4,970.9
U0240,12,13700.48,13818.32,12927.65,13482.15,15,1030.78,0.468,2458.14,1478.24,1199.92,7927.14,637.04,10255.67
U0169,14,18293.49,17218.12,18772.47,18094.69,10,1957.58,0.517,7225.99,5531.44,1006.09,1370.22,3159.75,16951.25
U0102,10,16179.02,15726.94,15283.45,15729.8,12,1441.56,0.581,1835.82,5513.78,544.38,7352.34,932.71,15783.51
U0063,8,21011.95,19683.08,19231.84,19975.63,9,2060.92,0.499,3954.56,3124.48,2560.9,5942.46,5429.55,19334.73
U0066,20,5906.46,6520.47,7171.19,6532.71,10,664.24,0.626,714.21,2887.08,943.95,748.45,612.77,4761.32
U0027,6,2185.33,2070.51,2408.76,2221.53,15,153.88,0.496,666.73,339.05,353.36,162.91,663.29,2332.4
U0204,19,4816.28,5124.16,4946.33,4962.26,12,381.37,0.529,2481.13,891.05,308.82,996.93,138.35,3979.28
U0103,13,5362.3,5384.37,5152.11,5299.59,10,559.03,0.371,855.15,1739.03,760.0,815.8,1192.32,5132.51
U0102,20,21805.47,22811.49,19907.45,21508.14,15,1320.0,0.656,5814.8,1443.89,3635.09,7434.84,3476.85,13994.18
U0162,15,16768.11,15603.76,17218.88,16530.25,8,2167.44,0.704,5318.38,3118.36,5330.93,1736.01,1264.43,12610.06
U0108,23,19781.71,22381.06,22189.14,21450.63,13,1380.46,0.445,6306.39,4069.03,3663.43,1817.01,3925.86,16405.34
U0112,14,7752.77,6755.54,6666.17,7058.16,11,793.97,0.489,2220.2,241.42,1472.31,729.43,3089.41,6004.74
U0073,22,10393.44,9723.66,8530.98,9549.36,10,1018.68,0.872,968.47,3591.49,917.75,2820.09,2095.63,8335.97
U0099,22,10703.05,10496.87,9930.81,10376.91,12,924.04,0.676,1199.25,824.16,778.09,4588.1,3313.46,7947.41
U0112,16,3250.78,2966.81,3101.81,3106.47,9,351.41,0.647,1508.51,362.03,511.66,281.2,587.39,2629.25
U0200,8,6005.52,5878.01,5336.32,5739.95,11,515.05,0.409,2370.94,603.26,1500.86,803.06,727.4,5636.39
U0144,21,5155.61,5273.25,5356.43,5261.76,14,328.29,0.595,725.08,569.08,1722.26,633.56,1505.63,3801.61
U0119,14,5375.88,4965.77,5102.04,5147.9,13,365.68,0.851,1042.57,1261.46,701.56,918.34,1451.95,4667.13
U0146,12,14566.16,14958.47,14643.65,14722.76,5,3260.0,0.832,4117.1,1521.22,1535.27,1717.86,5674.7,11512.74
U0249,19,16257.1,15260.15,15131.03,15549.43,11,1657.71,0.758,6107.47,376.14,1005.62,6937.2,1830.67,14029.82
U0042,16,9620.46,9321.95,9883.05,9608.49,9,1032.77,0.433,1584.08,1681.95,1703.95,1507.83,3142.64,8150.83
U0082,24,7149.77,7327.32,7620.47,7365.85,10,775.36,0.466,925.27,363.36,1223.98,2096.05,2541.11,6794.32
U0057,5,9860.23,8728.06,8126.25,8904.85,14,703.38,0.741,785.2,465.27,272.19,4315.92,4021.65,7485.21
U0019,8,4945.71,4785.12,4272.7,4667.84,7,715.64,0.638,1738.96,1729.73,303.63,575.03,598.35,3926.1
U0120,18,2492.97,2717.64,2743.48,2651.36,14,157.61,0.539,751.74,254.8,651.24,200.48,634.72,2379.23
U0072,13,6586.22,6477.59,6524.18,6529.33,14,465.9,0.77,1720.03,832.08,1559.88,1633.91,840.31,4882.36
U0158,16,4655.35,4662.44,4710.1,4675.96,14,375.12,0.614,527.21,435.01,520.65,1647.34,1525.15,4649.66
U0230,7,25604.9,25316.69,24020.39,24980.66,7,3656.04,0.696,11717.27,2150.72,2678.07,8715.9,342.94,23878.24
U0016,23,23717.72,25875.25,28193.59,25928.85,9,2339.48,0.727,4667.89,3741.94,647.82,6330.83,8329.25,18684.98
U0241,4,13724.1,13459.47,11542.55,12908.7,13,1088.75,0.683,689.27,4815.95,4691.35,941.13,2586.39,9925.07
U0010,15,13338.92,12936.6,12563.59,12946.37,10,1196.34,0.406,1807.36,4135.95,3026.08,2856.51,1513.02,11805.31
U0128,10,23682.06,21749.31,19122.23,21517.87,8,2563.39,0.816,2789.18,3353.3,7763.03,5902.36,3874.19,18502.56
U0052,19,2917.59,2704.38,2667.41,2763.13,13,233.18,0.647,122.48,779.12,123.59,1056.24,836.15,1882.2
U0008,9,22227.81,21285.0,23474.77,22329.19,9,2164.39,0.475,10643.69,1454.62,4086.98,2011.28,4031.24,18251.93
U0007,18,4093.63,4162.2,4053.45,4103.09,8,512.39,0.391,1353.1,655.34,1017.47,628.3,439.43,3604.01
U0107,5,5299.54,5245.77,4976.65,5173.99,12,469.88,0.537,1703.23,1295.38,681.49,210.84,1408.61,4631.37
U0018,9,2822.25,2876.96,2711.31,2803.51,9,357.76,0.534,154.58,279.89,642.39,498.91,1246.49,2771.7
U0010,17,8060.66,7510.85,6932.14,7501.22,12,767.69,0.247,2325.32,411.57,1002.11,2095.25,2226.41,7027.97
U0216,21,4871.7,4966.44,4602.63,4813.59,6,771.27,0.568,689.5,465.26,1118.66,1281.96,1316.32,4188.67
U0144,19,5067.06,4544.49,4462.72,4691.42,6,958.61,0.744,1436.86,406.51,205.69,1237.1,1780.91,3811.04
U0041,19,9600.13,9220.62,10140.62,9653.79,5,1984.58,0.554,1490.1,377.01,3151.11,1829.44,2752.47,7423.63
U0154,12,2363.86,2425.22,2322.06,2370.38,14,179.33,0.601,836.68,855.79,303.55,280.04,87.8,1697.29
U0186,15,9728.15,9949.03,10040.25,9905.81,10,872.55,0.397,1470.56,3462.03,1846.47,2256.96,692.13,7869.34
U0231,11,6026.3,5485.27,5076.52,5529.36,7,923.4,0.509,742.83,577.09,2753.77,1083.29,869.32,4572.69
U0065,15,4725.74,3906.67,4191.92,4274.78,15,310.19,0.751,584.12,1388.24,998.6,229.88,1524.9,3708.32
U0098,20,18258.54,17297.31,16141.42,17232.42,13,1214.06,0.713,2136.98,486.21,2561.96,8445.56,4627.84,16520.91
U0155,21,3395.39,3797.24,4098.22,3763.62,7,482.36,0.848,464.08,166.1,1092.4,1510.83,161.98,2558.97
U0200,19,5043.11,4675.18,4810.52,4842.94,18,299.3,0.49,865.45,974.91,841.93,399.01,1961.8,4155.39
U0169,22,6064.87,5482.62,5286.64,5611.38,13,423.23,0.737,1723.24,519.65,82.23,1025.45,2714.29,5310.21
U0248,15,5590.82,5439.92,5466.2,5498.98,17,282.91,0.594,307.3,661.69,1762.12,1089.51,1770.21,4270.91
U0097,13,8782.23,8782.77,9378.73,8981.24,17,518.38,0.787,1808.54,1023.11,1331.74,1542.85,3075.99,6771.73
U0009,22,24676.61,28082.06,27809.1,26855.92,8,2679.34,0.698,1686.48,5316.55,6756.9,8524.6,2392.09,20740.11
U0197,11,4197.93,4446.72,3714.26,4119.63,12,323.91,0.511,809.16,366.82,772.22,380.96,1868.76,3493.97
U0063,8,5725.36,5569.91,5064.27,5453.18,15,372.43,0.461,1111.25,311.62,626.82,338.64,3337.02,4941.53
U0219,5,19734.05,17188.82,16103.33,17675.4,10,1683.79,0.616,2039.85,3288.45,4452.29,2212.04,7741.42,18782.59
U0133,5,7452.99,7287.29,6741.8,7160.69,10,658.65,0.404,627.94,507.13,1805.88,3082.47,1429.57,7029.17
U0213,16,34440.06,35927.9,35006.91,35124.96,14,2159.24,0.42,4595.32,13485.04,6134.13,6171.54,4054.04,29408.34
U0062,4,2648.19,2586.05,2972.09,2735.44,14,179.74,0.666,611.58,109.36,783.5,49.48,1094.27,2197.58
U0196,11,3581.29,3420.16,3090.09,3363.85,9,435.67,0.635,1462.48,679.11,746.14,201.66,491.9,2876.01
U0050,14,8404.3,8148.6,7778.7,8110.54,11,858.37,0.361,3215.86,1301.38,1896.21,1000.66,990.19,7038.44
U0007,20,10018.49,10204.92,10510.06,10244.49,10,1003.88,0.604,1870.53,1107.97,3829.21,1372.86,1837.92,9824.63
U0047,16,4518.38,5016.13,5056.59,4863.7,11,444.08,0.805,2458.23,284.61,372.2,280.54,1122.79,4397.93
U0212,8,6315.57,6025.66,6164.4,6168.54,4,1342.17,0.469,1223.86,2465.28,299.62,1166.5,1160.31,5194.66
U0245,6,10678.02,11583.78,11897.34,11386.38,13,925.88,0.505,2594.1,3735.71,1802.09,1217.59,1328.53,9181.52
U0155,12,16128.92,16565.71,15138.26,15944.29,13,1215.35,0.605,2413.77,728.64,5070.92,935.53,6980.06,15388.21
U0148,14,9166.2,10084.72,10199.26,9816.72,8,1286.03,0.574,2046.13,2791.11,2628.67,1214.27,486.02,8470.08
U0151,10,9737.32,10684.68,13314.43,11245.47,13,814.41,0.858,2787.69,1121.56,285.62,2714.47,2827.98,8998.91
U0073,14,11095.87,11367.28,11350.59,11271.25,9,1203.46,0.908,1130.46,1658.73,180.73,832.9,7293.04,9214.01
U0025,11,10610.19,11136.3,10063.21,10603.23,13,714.92,0.631,114.3,1159.27,2791.68,1486.38,5058.55,9445.51
U0156,12,11136.04,10950.82,9855.8,10647.55,7,1667.71,0.223,1670.61,838.76,3203.34,3389.77,2033.55,9541.46
U0214,16,7300.48,7655.22,8011.03,7655.58,4,1787.43,0.531,1564.57,1235.69,2107.87,264.54,2127.81,5903.54
U0139,7,2016.7,2130.03,2232.77,2126.5,13,173.15,0.521,1029.19,364.36,201.47,300.68,121.0,2001.44
U0107,19,12140.42,12131.99,10706.41,11659.61,11,1027.57,0.692,4775.52,1611.1,2503.54,1366.48,1883.79,11158.92
U0221,18,7098.43,7370.85,7484.75,7318.01,8,998.32,0.686,751.17,2093.83,487.68,685.78,3079.98,5693.02
U0207,19,2373.19,2397.76,2436.59,2402.52,10,220.5,0.681,188.24,156.11,599.58,1000.6,428.66,2165.28
U0049,21,1246.47,1299.14,1304.07,1283.23,17,100.0,0.339,306.58,24.62,258.53,171.83,484.91,951.64
U0095,8,3499.65,3580.73,3983.82,3688.07,19,211.02,0.449,258.55,85.56,47.9,1876.57,1231.07,2366.5
U0114,17,6024.73,6090.24,6686.97,6267.31,13,505.67,0.322,3018.21,123.52,337.83,699.9,1845.27,5892.12
U0054,14,2533.47,2375.23,2278.28,2395.66,8,359.36,0.864,327.4,599.25,1456.24,17.54,133.04,1947.57
U0022,17,25126.75,22537.0,20445.52,22703.09,10,2608.79,0.816,2746.57,8825.43,5668.17,1249.96,6636.62,20218.22
U0138,10,6585.81,6633.77,7193.07,6804.21,15,479.51,0.762,690.62,1807.24,342.02,3358.87,387.07,7080.1
U0127,10,2597.99,2589.54,2722.99,2636.84,9,296.08,0.386,1436.5,228.44,164.5,412.11,356.44,1869.82
U0163,18,12794.21,13453.13,13572.86,13273.4,9,1497.7,0.774,894.94,2974.16,2971.77,4594.51,1358.84,10557.67
U0073,13,5373.43,5440.33,5712.69,5508.81,16,305.37,0.402,1797.67,1336.07,1341.79,338.73,559.17,4848.34
U0082,8,20044.87,18203.32,19040.43,19096.21,16,1079.28,0.529,2006.2,2305.86,6024.41,7091.31,2617.08,17721.93
U0144,15,14683.76,14103.48,14658.37,14481.87,9,1800.83,0.668,5434.99,2446.07,234.77,3591.11,2976.82,12141.44
U0037,24,8437.25,8336.49,8529.28,8434.34,14,641.3,0.371,329.08,175.41,3919.43,2441.43,1571.9,7358.93
U0039,17,22354.07,25960.11,26389.49,24901.22,9,2270.72,0.521,6081.22,1049.77,6557.79,1345.75,7319.55,20364.77
U0056,17,7208.54,7271.53,7721.55,7400.54,10,775.14,0.666,334.47,660.45,4199.01,1043.19,971.42,7199.07
U0249,19,4637.54,4792.62,4715.36,4715.17,14,311.89,0.818,1499.53,1134.19,628.22,9.87,1365.74,3569.41
U0120,6,23655.55,27095.76,25993.7,25581.67,15,1377.52,0.714,9459.08,5125.2,5123.51,2231.43,1716.34,19485.71
U0089,14,14008.57,14624.2,15364.81,14665.86,15,915.58,0.804,6400.16,1682.88,2083.69,1849.13,1992.72,11957.25
U0147,19,1423.37,1553.24,1891.74,1622.78,8,191.94,0.46,677.99,38.51,59.07,267.34,380.45,1530.72
U0145,19,15525.68,14361.09,15982.22,15289.66,17,1008.13,0.577,1347.21,1363.23,3286.49,4320.8,5207.95,13278.67
U0056,4,15045.93,13810.28,15171.2,14675.81,6,2422.76,0.52,4479.75,326.8,2940.38,1510.64,5788.36,12422.64
U0230,24,53757.95,49284.59,50822.5,51288.35,9,6037.96,0.677,8390.2,5450.42,1053.23,27851.39,11012.71,41166.01
U0202,12,6284.45,5782.14,6436.54,6167.71,11,611.08,0.649,574.75,680.07,652.35,1239.8,3137.48,4894.46
U0109,5,16506.68,16845.21,15605.94,16319.27,15,1058.27,0.819,3025.37,2672.85,920.85,1759.77,8127.84,14249.02
U0037,12,10053.82,10684.45,10695.03,10477.77,17,505.97,0.823,552.1,741.76,4250.29,2583.26,1926.4,8048.56
U0129,7,3962.6,4318.97,4142.18,4141.25,12,311.84,0.881,1473.2,279.71,120.14,414.43,1675.11,3870.69
U0173,6,34271.91,30071.33,26013.47,30118.9,8,4914.34,0.824,11017.53,11508.82,890.39,7818.65,3036.52,28822.27
U0017,24,4147.32,3878.65,4049.84,4025.27,9,487.1,0.946,751.66,393.72,714.29,359.33,1928.33,3217.42
U0212,5,3659.05,3555.8,3678.13,3631.0,12,302.02,0.706,206.25,258.86,1491.31,562.97,1139.67,3547.22
U0249,11,5871.27,6063.36,6158.43,6031.02,8,715.15,0.776,787.71,1171.23,1161.07,688.13,2063.14,6679.43
U0017,15,6881.65,7493.4,7341.11,7238.72,6,1290.09,0.57,3404.21,404.99,184.88,2506.48,381.09,6767.34
U0047,4,15057.03,13827.04,15908.15,14930.74,11,1185.2,0.858,4542.92,432.13,2055.36,5164.94,2861.68,12948.93
U0238,21,9155.26,8841.98,8139.82,8712.35,11,734.52,0.614,1935.29,848.83,1867.44,1006.79,3496.9,6730.79
U0071,23,9898.2,8918.58,8834.27,9217.01,13,824.76,0.387,853.69,1467.73,2978.45,2176.52,2421.81,8917.5
U0163,5,9436.02,9128.12,8755.67,9106.6,10,803.91,0.775,3285.63,1731.53,919.59,1727.43,1771.85,8110.13
U0005,10,16446.29,16047.44,16032.09,16175.27,14,1006.75,0.713,1314.07,3659.87,2138.88,5723.35,3610.13,9999.73
U0080,19,5886.13,5038.25,4620.78,5181.72,17,361.12,0.837,298.7,1266.64,2399.86,1449.54,471.38,4978.83
U0138,9,7716.47,8450.35,8583.05,8249.95,9,898.89,0.359,2508.73,2354.58,534.27,923.98,1394.9,7214.46
U0036,10,8201.28,8290.9,7779.56,8090.58,18,397.42,0.672,995.79,1515.55,21.03,2276.46,3392.45,5892.93
U0154,17,16103.58,15875.68,15775.51,15918.26,13,1357.41,0.661,4231.16,3394.54,991.11,3317.7,4169.07,12922.53
U0026,5,5576.59,5486.08,5495.82,5519.5,11,494.36,0.41,298.74,1922.44,156.93,1377.26,1821.22,5010.69
U0016,10,3230.64,3538.18,3428.18,3399.0,6,606.89,0.518,143.64,752.49,1050.81,800.42,483.28,3050.34
U0108,16,6951.54,6581.13,6708.13,6746.93,10,601.08,0.419,2775.06,669.33,670.16,887.86,1949.13,4998.23
U0036,19,5391.7,5202.05,4834.76,5142.84,5,1015.7,0.811,674.21,796.23,1615.11,799.56,1506.6,4451.8
U0113,11,2526.2,2597.84,3045.17,2723.07,5,546.78,0.891,1041.78,1036.72,66.29,62.83,318.58,2699.85
U0153,16,5859.67,5754.92,5973.46,5862.68,11,531.56,0.513,312.58,1084.51,207.48,296.57,3958.53,4212.37
U0211,17,7496.46,6580.45,7234.24,7103.72,14,566.67,0.79,1570.69,878.21,2102.5,1820.28,1124.78,6048.3
U0250,14,10486.21,10174.85,9620.0,10093.69,10,1020.63,0.451,6468.53,1900.22,990.08,866.11,261.28,9894.45
U0119,15,11295.82,11622.31,13399.11,12105.75,10,1287.27,0.875,2669.71,1447.94,3960.66,736.49,2481.02,9309.85
U0230,15,11135.92,12077.72,11662.16,11625.27,12,951.51,0.778,2208.47,609.86,2588.42,1346.25,4382.92,7794.8
U0038,22,2339.36,2126.89,2303.3,2256.51,11,203.33,0.777,240.26,195.11,332.12,632.79,939.07,2005.88
U0238,10,21759.67,22457.12,21639.3,21952.03,14,1359.19,0.927,4999.69,4191.12,9159.06,40.45,3369.35,22244.07
U0171,16,5445.95,5207.24,4874.87,5176.02,9,674.49,0.71,688.45,700.88,1470.67,637.26,1948.7,5062.69
U0080,14,5478.56,5599.67,5490.27,5522.83,6,1031.69,0.562,1130.63,1811.64,1189.43,1097.44,249.43,5036.24
U0238,11,11692.69,12201.94,10918.91,11604.51,18,690.93,0.725,6060.92,1217.5,1388.75,337.41,2688.12,10786.09
U0111,14,9557.45,8403.09,8052.02,8670.85,10,904.09,0.477,2745.01,253.1,2687.84,391.16,3480.34,7655.17
U0147,19,26799.72,25573.55,21001.98,24458.42,13,1956.61,0.881,8949.36,2095.72,261.11,8303.45,7190.08,20840.15
U0049,5,3234.19,3712.68,3657.73,3534.87,5,723.49,0.576,1225.84,484.45,91.59,64.93,1367.37,3122.73
U0202,4,5724.87,5496.03,5730.12,5650.34,6,1049.53,0.604,1336.36,511.01,51.13,1616.76,2209.61,5632.9
U0156,24,4539.86,4518.28,4629.71,4562.62,14,327.93,0.907,1178.86,728.03,463.95,734.94,1434.07,3766.58
U0115,15,12597.87,11075.51,10575.04,11416.14,14,853.34,0.716,3598.64,1376.99,5001.9,1791.24,829.1,10347.5
U0008,11,9629.98,10788.44,11494.7,10637.71,9,1024.02,0.886,957.2,2003.01,2879.35,2830.96,959.46,8129.92
U0062,12,8656.97,9685.58,9249.32,9197.29,14,660.69,0.896,1539.86,1469.5,448.85,3246.19,1952.57,9347.25
U0118,5,5509.34,5652.21,5978.76,5713.44,8,598.6,0.831,363.56,669.73,336.1,1072.66,3067.28,4701.8
U0092,15,9420.76,9489.26,8959.73,9289.92,10,983.78,0.667,2689.57,3034.83,503.38,916.08,2276.92,8017.35
U0024,10,41420.72,40131.34,46293.87,42615.31,10,3835.48,0.663,11784.79,1297.82,1552.9,16847.96,9937.25,32383.58
U0233,14,20490.34,18288.17,20070.36,19616.29,15,1547.59,0.662,3647.12,3252.12,5307.66,4081.13,4202.31,16455.86
U0195,13,4877.52,4824.03,4751.05,4817.53,11,434.37,0.511,1109.3,172.04,2604.85,378.9,612.43,3724.4
U0101,16,10252.82,8540.48,7899.14,8897.48,7,1420.18,0.818,1048.98,3422.87,2199.54,792.45,2788.98,7220.14
U0025,4,8217.78,8178.68,7985.73,8127.39,7,1068.88,0.648,1720.63,724.57,2661.49,2372.09,739.0,6736.24
U0018,14,9084.3,9373.99,9829.37,9429.22,10,1008.49,0.527,2555.42,1476.15,3577.95,744.7,730.09,6461.07
U0058,14,13242.65,13823.72,13521.76,13529.38,10,1253.41,0.355,1433.1,3758.3,704.2,3089.79,4257.27,11143.88
U0100,19,10289.36,10690.76,10612.18,10530.77,9,1036.8,0.746,842.51,2005.98,1800.36,2261.7,3378.8,9762.31
U0180,6,7743.47,10299.03,10859.03,9633.84,15,494.93,0.799,1476.24,882.09,3739.28,991.95,653.91,7674.07
U0172,5,4115.38,3795.18,3724.57,3878.38,14,301.64,0.573,1955.67,784.84,679.43,484.16,211.27,4149.39
U0178,5,10545.85,11106.07,11615.52,11089.15,10,1140.44,0.388,1575.12,3198.38,1703.88,3479.52,588.95,10138.92
U0037,24,12924.5,12522.58,11461.93,12303.0,15,772.99,0.474,1889.6,1788.95,2574.39,3326.12,3345.44,9167.34
U0008,8,14550.03,13782.12,14868.56,14400.24,7,2010.73,0.494,4972.05,3749.84,2058.76,3457.17,312.22,14617.57
U0043,8,34994.9,32578.76,37255.74,34943.13,6,5182.9,0.541,1337.36,7705.11,6287.6,10223.61,9441.21,25160.36
U0062,10,6180.17,6610.55,6576.01,6455.58,6,1175.1,0.624,1605.38,922.45,1728.54,430.27,1493.53,4403.1
U0179,7,4053.95,4043.83,4654.83,4250.87,14,258.14,0.672,451.3,536.2,1498.5,724.07,843.87,3728.12
U0092,21,4605.24,4208.23,4549.98,4454.48,15,292.58,0.86,847.15,1554.99,428.49,729.61,1045.01,4110.72
U0231,18,5462.63,6015.75,6013.12,5830.5,12,463.37,0.525,856.19,320.46,1620.75,1321.83,1343.4,4094.44
U0216,20,24160.27,21091.4,20736.04,21995.9,14,1545.36,0.798,7169.75,5371.16,2691.23,2438.67,6489.46,18522.01
U0235,24,12578.39,11731.21,10962.25,11757.29,8,1673.82,0.561,2013.52,663.47,5130.89,814.25,3956.27,9875.38
U0199,16,4592.07,5339.77,4701.37,4877.74,10,463.84,0.345,1276.16,462.1,889.95,584.92,1378.94,3747.54
U0046,13,8586.41,7690.06,6324.03,7533.5,13,731.19,0.685,1671.83,1587.04,933.57,542.74,3851.24,6828.23
U0027,14,4943.07,4774.63,4827.84,4848.51,8,600.31,0.638,1403.37,349.7,327.38,840.85,2021.78,4224.26
U0159,21,9271.72,9002.54,11333.19,9869.15,5,1888.1,0.649,1659.88,3458.55,975.18,2708.11,470.0,8421.49
U0250,17,11144.13,11752.77,12745.54,11880.81,11,862.91,0.64,1221.64,763.96,3947.71,2536.79,2674.02,9376.32
U0025,16,13973.2,14846.36,15532.26,14783.94,12,1109.13,0.733,1737.75,2551.75,1117.36,6187.01,2379.33,11213.71
U0222,14,15354.05,15274.4,13621.5,14749.98,10,1575.83,0.751,4698.84,1854.51,471.4,5215.68,3113.62,13000.55
U0180,12,13111.19,10854.11,10363.55,11442.95,10,1346.38,0.698,2008.13,4263.15,935.14,2404.87,3499.9,10224.05
U0187,6,5484.99,5279.94,4598.8,5121.24,14,373.45,0.709,656.71,291.73,423.17,221.44,3891.93,4399.73
U0224,18,4660.99,4331.9,4114.42,4369.11,16,266.24,0.676,1242.48,585.96,1156.65,1236.9,439.0,3608.63
U0049,16,2441.82,2730.43,3147.47,2773.24,10,217.36,0.656,460.51,545.7,442.65,486.65,506.32,1782.8
U0230,4,9534.99,9506.73,10592.0,9877.91,9,1010.87,0.815,92.9,263.79,4063.62,2155.05,2959.62,8989.6
U0099,22,29552.83,32567.64,29291.19,30470.55,9,3356.7,0.578,3205.82,590.91,2776.54,13089.13,9890.43,25904.97
U0241,6,11349.52,12225.47,12821.47,12132.15,7,1841.35,0.689,1557.59,2126.24,1410.12,3110.08,3145.48,10179.94
U0100,13,4331.65,4122.91,4415.79,4290.12,13,359.78,0.916,634.23,618.43,948.65,951.89,1178.45,3125.37
U0187,18,9812.27,9114.04,8890.78,9272.36,13,775.32,0.708,3505.37,1537.47,553.72,495.63,3720.08,8148.71
U0072,22,10050.2,8134.32,9538.93,9241.15,18,502.98,0.622,2541.59,1901.41,932.0,825.1,3850.09,6908.03
U0117,8,5924.29,6027.34,5404.03,5785.22,13,477.8,0.795,553.19,1405.18,971.93,2135.35,858.64,5701.52
U0162,11,10706.37,10436.44,12249.05,11130.62,7,1646.72,0.599,3018.25,120.46,3282.7,2694.3,1590.67,10625.4
U0168,5,10105.49,9646.06,10375.7,10042.42,12,823.37,0.452,397.95,35.28,983.18,2390.06,6299.01,8028.48
U0161,22,12445.32,11048.72,12998.97,12164.34,7,1929.19,0.644,3287.96,3335.72,1022.34,1079.59,3719.72,8510.27
U0192,22,9859.25,9528.69,9425.9,9604.61,15,681.43,0.676,3674.69,2061.23,700.21,634.5,2788.62,7693.47
U0082,22,7042.2,6254.77,6014.08,6437.02,8,905.95,0.351,2592.21,746.13,1446.54,54.92,2202.41,6390.24
U0156,22,8098.42,7167.28,6624.55,7296.75,8,871.78,0.531,1890.87,106.0,4115.75,332.0,1653.81,5267.32
U0018,12,12253.57,13129.52,13147.56,12843.55,17,699.03,0.603,2259.35,1687.63,1155.78,2887.92,4262.88,9002.12
U0165,7,18707.93,19310.29,18140.21,18719.48,8,2252.9,0.759,6926.93,3261.22,2564.98,2869.57,3085.23,17550.76
U0239,17,8019.69,7362.26,7232.81,7538.25,8,1108.91,0.564,2176.25,1053.69,769.4,2517.09,1503.26,7290.49
U0072,9,18033.92,16820.92,17773.09,17542.64,11,1555.75,0.9,2500.37,3604.93,2927.82,3500.48,5500.31,14365.47
U0015,18,13216.71,13207.76,12077.37,12833.94,8,1535.61,0.785,4155.48,3232.19,768.58,1142.06,3918.4,12400.27
U0058,9,5493.24,5353.57,6166.65,5671.15,11,470.16,0.64,337.62,931.65,1003.96,1884.05,1335.96,4647.81
U0078,19,8769.29,7842.72,7865.67,8159.23,16,576.33,0.453,2310.03,518.73,1362.18,2174.73,2403.62,5928.78
U0009,24,3982.81,3935.81,3792.66,3903.76,8,496.72,0.667,424.35,44.21,1387.3,960.54,1166.42,3497.32
U0194,17,9379.41,10191.99,10037.29,9869.57,13,788.38,0.573,1320.02,103.58,1154.76,1670.12,5130.92,6480.16
U0162,18,42147.58,37941.79,36009.49,38699.62,8,4762.44,0.4,24029.23,1161.84,7527.79,3680.45,5748.27,37092.91
U0064,9,4336.48,4512.93,4538.57,4462.66,12,337.97,0.475,210.06,1257.58,244.57,1178.67,1445.6,4242.54
U0002,19,32972.12,34656.98,33112.47,33580.52,13,2537.89,0.46,6656.18,8705.0,9990.71,1311.61,6308.62,23626.74
U0002,18,1548.98,1423.84,1406.65,1459.82,9,190.1,0.517,416.71,100.04,169.83,642.13,220.28,1393.41
U0021,20,10517.11,11338.24,12174.84,11343.4,11,938.78,0.482,4114.25,1888.65,3202.58,1278.8,32.83,8940.31
U0213,5,30032.68,31554.12,32607.32,31398.04,9,3509.86,0.435,3628.21,6513.4,11517.38,3868.01,4505.67,26558.75
U0003,8,21118.22,20310.81,18794.87,20074.63,15,1550.22,0.593,4047.77,3693.82,4792.01,2651.62,5932.99,16219.96
U0207,19,20912.22,21183.9,18743.32,20279.82,13,1608.67,0.704,2244.29,1758.52,2247.6,10037.82,4624.0,17240.45
U0134,20,13624.33,12565.89,12204.22,12798.15,5,2356.44,0.628,3538.2,3648.05,3169.14,1584.1,1684.84,10809.15
U0087,24,20780.36,23011.96,22537.41,22109.91,12,1933.42,0.739,5503.27,2161.75,7215.17,1150.69,4749.48,19885.93
U0117,5,5458.99,5038.03,4815.91,5104.31,10,544.07,0.526,311.69,293.5,2328.15,1269.49,1256.15,5394.78
U0134,8,14684.64,14431.63,14125.63,14413.97,11,1430.51,0.738,1931.1,303.98,8449.96,913.95,3085.64,14349.2
U0242,8,2773.83,2961.2,3110.37,2948.47,8,315.84,0.421,1196.2,252.27,233.55,351.78,740.05,2505.76
U0025,7,20365.33,19164.16,19182.35,19570.61,9,2135.41,0.497,2501.41,3104.84,5450.69,2699.92,6608.47,17239.12
U0133,19,5609.98,5757.89,6229.42,5865.76,15,356.89,0.264,615.88,697.28,1953.52,1437.44,905.86,5049.35
U0079,9,23751.3,22248.52,22833.91,22944.58,12,1747.12,0.474,2923.84,3490.38,4243.37,5148.38,7945.33,21178.47
U0216,16,4087.38,4212.51,4224.75,4174.88,10,457.54,0.874,1436.16,1038.7,164.21,951.08,497.23,3150.46
U0047,13,5225.85,5395.95,5213.71,5278.5,5,939.44,0.457,178.38,665.55,1379.34,1447.01,1555.56,4589.04
U0092,6,8548.15,8601.15,8849.62,8666.31,9,812.53,0.576,1523.23,2292.93,1646.54,1126.46,1959.0,6019.77
U0209,15,4827.78,4492.41,4291.2,4537.13,13,349.68,0.392,612.89,640.46,953.65,742.55,1878.23,4343.41
U0148,5,7740.5,8521.88,8935.08,8399.15,12,659.28,0.855,824.34,1501.63,527.76,4362.1,524.67,6471.54
U0007,8,19133.96,18023.94,16933.42,18030.44,14,1306.46,0.695,3431.65,4781.24,814.4,2816.33,7290.34,15545.07
U0008,23,6948.37,6996.31,6163.16,6702.61,11,638.96,0.497,1795.43,437.85,1212.98,550.0,2952.11,6400.17
U0158,15,3840.5,3667.57,3297.74,3601.93,6,673.19,0.552,1389.97,95.71,652.74,556.05,1146.03,3343.97
U0042,15,9539.58,8918.93,9499.82,9319.44,10,1089.7,0.697,3056.77,1032.71,1112.28,833.32,3504.5,8119.23
U0208,14,5328.25,6027.0,6021.31,5792.19,13,446.29,0.715,2600.04,1589.5,81.53,491.21,565.97,4711.54
U0086,18,3059.42,2772.1,2499.1,2776.87,17,188.68,0.648,599.95,421.78,1351.47,304.7,381.52,2231.37
U0096,8,15890.56,16420.67,17013.79,16441.67,14,1272.3,0.41,3207.65,8091.09,2153.17,1044.29,1394.36,15126.97
U0119,17,3289.64,3087.1,3196.44,3191.06,8,352.48,0.373,814.25,210.54,188.8,614.84,1461.22,2563.57
U0087,24,4758.48,4709.45,4696.35,4721.43,12,414.57,0.742,826.64,889.35,1033.9,417.98,1590.61,3400.78
U0075,7,5107.76,5400.99,6211.66,5573.47,13,432.19,0.819,592.87,1539.57,593.88,974.62,1406.81,4836.7
U0199,18,14474.8,14326.16,14302.1,14367.68,9,1744.29,0.566,3496.74,439.33,513.03,6996.89,3028.8,11998.94
U0034,14,3933.72,4013.61,3393.37,3780.23,6,584.76,0.727,1490.63,620.0,866.85,143.32,812.92,3064.33
U0142,12,5236.41,4957.96,4385.35,4859.91,6,974.83,0.756,694.35,1175.03,660.37,1052.48,1654.17,4619.16
U0057,6,8563.58,7557.75,7667.84,7929.72,11,826.73,0.849,2203.32,461.27,1835.03,586.6,3477.35,6506.46
U0026,21,10152.14,10268.75,10246.24,10222.38,10,1088.04,0.779,602.6,787.27,152.67,4574.83,4034.78,7706.41
U0130,13,5083.33,5318.54,5792.78,5398.22,15,385.72,0.835,1449.02,857.87,408.02,1194.9,1173.51,5187.97
U0016,12,10438.25,9629.14,9292.81,9786.73,12,815.73,0.626,3101.96,1020.09,1320.97,831.34,4163.88,9561.93
U0116,8,5140.8,5265.66,5924.47,5443.64,17,295.03,0.584,516.48,1750.86,1230.06,676.91,966.49,4085.08
U0226,15,12138.93,12437.66,13014.85,12530.48,12,924.72,0.365,1331.19,661.95,1641.59,6527.67,1976.52,9718.35
U0153,6,5554.31,5118.68,5203.22,5292.07,10,530.18,0.675,1722.08,1076.62,314.65,967.02,1473.94,3758.0
U0228,9,5398.79,6513.96,7169.67,6360.81,7,675.29,0.589,978.69,496.58,814.77,998.44,2110.31,5024.54
U0120,15,6057.45,6093.88,5670.27,5940.53,9,648.38,0.859,2503.95,606.3,232.73,291.23,2423.23,4772.61
U0037,11,19163.65,18858.78,14577.22,17533.22,8,2246.28,0.934,2050.95,866.42,4621.43,8139.57,3485.28,14106.84
U0146,20,11935.53,10388.81,9631.41,10651.92,11,1176.47,0.803,2089.34,1663.41,2967.9,3308.03,1906.84,9153.8
U0010,22,25206.72,22711.17,20693.16,22870.35,10,2637.07,0.665,1031.03,2332.82,3562.6,7767.85,10512.42,20461.61
U0103,23,7750.79,8166.35,8412.96,8110.03,12,669.21,0.272,2637.82,762.48,2203.74,535.02,1611.74,7878.36
U0133,17,8955.31,8927.58,8728.37,8870.42,11,922.81,0.554,157.06,261.21,2550.83,713.08,5273.13,6829.58
U0145,15,6639.64,7705.1,7276.22,7206.99,9,639.61,0.771,2629.07,1265.38,619.37,543.87,1581.95,5217.95
U0148,17,5348.8,5057.1,4387.39,4931.09,18,264.31,0.738,1084.88,843.37,60.86,1564.56,1795.11,4560.26
U0023,8,13526.75,15007.46,13663.15,14065.78,6,2314.61,0.743,5863.07,2863.66,170.11,2408.45,2221.46,12452.54
U0041,14,4344.17,4538.34,4846.39,4576.3,11,377.97,0.788,403.29,157.1,1997.38,56.06,1730.34,3733.2
U0211,11,63636.19,60370.18,57747.1,60584.49,8,7562.35,0.503,21104.54,1372.79,2951.31,12692.9,25514.64,56411.35
U0238,23,8393.08,7390.68,7803.3,7862.35,9,807.27,0.817,2967.35,626.78,1120.13,1635.66,2043.15,7640.76
U0171,19,18165.31,18527.37,18344.83,18345.84,9,2056.61,0.737,1979.52,417.45,1776.06,9425.44,4566.85,13866.68
U0049,24,28693.18,27753.46,25862.33,27436.32,9,2984.87,0.425,6190.3,10690.67,6414.35,1005.9,4391.96,30283.63
U0051,8,7939.16,7218.54,7036.54,7398.08,12,571.42,0.281,869.21,2552.57,1215.34,1176.08,2125.96,5548.8
U0230,18,12115.16,11069.42,9520.26,10901.61,9,1345.42,0.812,74.63,4430.28,1047.08,2377.54,4185.63,10362.23
U0163,18,2511.81,2461.16,2165.12,2379.36,13,168.46,0.553,690.1,224.29,491.53,85.48,1020.41,1873.61
U0192,20,9490.44,8611.21,8750.19,8950.61,10,992.07,0.613,1136.75,2609.59,3147.61,1122.88,1473.62,7217.16
U0066,18,8177.73,7334.39,6740.46,7417.52,8,874.93,0.665,1570.43,1172.71,1941.02,2109.4,1384.18,5777.46
U0172,14,6327.08,5573.75,5587.6,5829.48,8,761.73,0.447,2258.8,83.96,1197.41,1496.34,1290.57,4786.24
U0246,16,27104.69,24297.22,24695.34,25365.75,13,2155.9,0.696,3204.9,4792.97,8998.53,5030.87,5077.42,26232.21
U0244,13,22770.87,23643.14,23077.67,23163.89,9,2725.16,0.364,4202.76,4715.52,3326.61,5281.38,5244.61,20259.14
U0196,7,14684.36,13477.15,13532.94,13898.15,8,2008.55,0.658,2852.22,471.6,820.65,7709.0,2830.89,11364.14
U0080,12,17644.81,17659.29,16433.81,17245.97,7,2488.19,0.662,1509.45,121.91,1276.96,1998.68,12737.82,15253.08
U0215,14,14017.85,13214.7,15844.81,14359.12,10,1406.93,0.488,1705.82,2207.25,1152.0,2710.31,6242.46,12434.1
U0079,4,10852.54,11179.92,11345.6,11126.02,14,724.75,0.687,292.35,3180.82,948.83,5166.31,1264.23,8701.06
U0037,11,9087.1,7109.59,6680.21,7625.63,17,604.56,0.558,2012.3,1126.97,733.83,380.04,4833.97,6800.16
U0070,11,3028.21,2987.05,3197.96,3071.07,13,212.57,0.877,980.59,181.14,418.75,399.06,1048.67,2202.09
U0199,9,22972.01,25347.37,22911.88,23743.76,9,2863.44,0.725,4005.81,3557.67,1316.4,5915.05,8177.09,20846.87
U0213,21,4172.42,4916.57,4934.04,4674.35,8,487.24,0.84,922.21,375.16,994.71,1158.61,721.74,4441.4
U0203,24,9477.11,8808.28,8212.45,8832.61,7,1544.81,0.602,562.92,456.9,991.79,1575.32,5890.18,6141.24
U0180,19,8332.35,7929.04,7644.81,7968.74,16,454.99,0.772,2740.8,317.62,1163.44,2135.6,1974.89,5138.57
U0005,18,11404.26,11337.33,12696.85,11812.81,15,710.46,0.649,1226.81,2741.98,803.47,4831.29,1800.72,9099.93
U0249,15,12344.46,11210.25,12558.46,12037.72,6,2299.72,0.893,1393.11,977.25,4396.18,954.48,4623.42,10127.65
U0131,18,8487.4,8236.7,7938.55,8220.88,16,510.08,0.587,3132.94,1633.82,640.98,1463.19,1616.47,8430.01
U0028,6,33570.9,31740.2,31686.87,32332.65,11,3285.72,0.794,4565.62,2297.72,19204.42,4027.16,3475.98,33998.12
U0087,18,43698.94,50508.92,51470.72,48559.53,12,3591.54,0.954,4650.62,3299.69,17645.26,10689.18,7414.19,36376.28
U0099,18,21445.18,20234.46,18022.61,19900.75,8,2385.17,0.694,3986.28,2702.14,819.96,6351.02,7585.79,17908.6
U0213,18,9033.13,9960.89,11522.51,10172.18,19,416.89,0.493,1870.42,567.14,1064.59,1909.54,3621.45,6791.8
U0108,16,6492.92,6432.71,7051.32,6658.98,11,660.48,0.677,1944.98,738.38,188.74,777.93,2842.89,5490.25
U0246,16,6185.06,6642.39,7000.81,6609.42,13,442.32,0.565,545.49,162.88,3925.0,474.78,1076.91,6453.98
U0085,18,10873.35,9921.51,10876.91,10557.25,11,897.28,0.776,2362.98,4196.07,1421.91,792.08,2100.3,7573.52
U0114,5,11842.94,12252.51,11659.06,11918.17,13,876.0,0.553,2157.32,197.5,2120.69,3529.28,3838.14,11020.62
U0175,4,7784.65,7554.3,8242.59,7860.51,8,953.55,0.541,2728.27,2373.3,278.41,1543.57,861.1,7722.97
U0138,14,7848.48,7062.14,7294.01,7401.54,13,515.85,0.91,2203.51,2060.68,947.22,2062.76,574.31,6459.97
U0115,22,11940.69,11855.67,11346.66,11714.34,8,1498.58,0.661,885.66,2297.42,2989.94,1860.7,3906.97,9740.64
U0193,8,64814.69,55888.13,55366.23,58689.68,11,5362.29,0.692,9624.24,5715.19,2877.66,24601.92,21995.67,51112.9
U0002,17,9436.32,9995.04,11478.76,10303.37,10,1062.08,0.928,3841.58,80.96,2949.07,1593.53,971.19,7512.02
U0025,22,5222.12,5320.45,5657.87,5400.15,15,370.49,0.79,731.95,187.0,429.35,3361.19,512.63,4062.54
U0098,24,10693.99,10443.42,9545.4,10227.6,9,1307.15,0.777,5407.78,598.64,2055.16,464.88,2167.52,9327.0
U0198,15,16359.39,18015.27,17061.98,17145.55,12,1357.81,0.655,2929.12,3940.54,3944.17,337.88,5207.68,15020.29
U0111,7,5564.0,5831.72,5687.1,5694.27,7,793.84,0.487,246.77,489.13,2142.51,1335.55,1350.05,4919.63
U0070,21,11362.09,10990.77,12181.21,11511.36,7,1683.11,0.872,614.38,821.84,1283.52,6611.73,2030.63,10961.53
U0135,10,14032.91,13930.26,13588.14,13850.44,12,1055.34,0.839,2950.78,2783.34,4441.89,3269.16,587.74,10391.37
U0205,13,9730.92,10194.12,9705.86,9876.97,12,740.65,0.864,801.35,2191.16,833.32,1199.48,4705.6,9064.84
U0088,20,22673.16,21920.22,19199.72,21264.37,16,1537.17,0.213,2063.26,6940.43,264.91,2827.37,10577.19,15998.64
U0205,19,3144.75,3046.79,3070.34,3087.29,13,275.88,0.614,283.87,91.73,1652.99,391.77,724.4,3393.6
U0069,11,19398.08,18334.49,16565.17,18099.25,14,1407.48,0.722,1040.85,4171.99,10037.82,2416.33,1731.1,14168.26
U0225,7,18707.25,18507.29,20308.98,19174.51,10,1983.16,0.552,2681.3,3411.53,4598.91,1609.42,6406.09,14632.92
U0056,15,9280.55,9280.18,10585.6,9715.44,10,1038.85,0.724,2292.32,528.33,2789.38,1603.97,2066.55,7481.51
U0180,13,10121.09,9837.52,10145.49,10034.7,10,900.89,0.774,1383.51,1636.73,4621.98,1274.51,1204.36,8272.53
U0146,21,20418.51,20150.33,21038.54,20535.79,9,2079.92,0.897,5940.4,1391.74,4016.36,2028.03,7041.98,16520.05
U0136,17,12936.14,12869.65,12237.14,12680.98,13,961.91,0.608,3124.9,3526.97,1086.05,882.46,4315.76,12379.68
U0024,4,11379.79,10746.87,11409.43,11178.7,13,926.3,0.633,2611.05,1969.13,498.29,287.58,6013.73,9073.25
U0187,18,3986.98,4479.93,4072.68,4179.86,10,391.4,0.473,2204.03,748.95,281.03,230.52,522.44,3616.04
U0006,9,4083.76,4167.96,4237.87,4163.2,12,333.15,0.751,1906.79,348.1,20.79,862.98,945.1,3265.94
U0179,23,6904.75,6650.19,6483.54,6679.5,8,948.67,0.549,3403.13,318.98,731.58,1378.73,1072.32,5266.64
U0148,13,31514.9,29759.89,28220.05,29831.61,15,1851.51,0.62,4086.65,834.53,11298.32,6113.19,9182.22,28533.77
U0242,13,20997.02,16850.69,16728.97,18192.23,8,2452.01,0.66,4040.83,5782.41,2199.22,6660.0,2314.56,15371.62
U0034,4,5928.7,6480.86,6745.88,6385.15,13,427.93,0.658,384.44,955.27,2351.6,1241.76,995.62,4539.89
U0148,18,5353.02,6213.48,5881.39,5815.96,10,499.2,0.616,1778.96,606.46,632.18,720.64,1614.77,6313.04
U0189,4,9609.46,9543.41,10427.22,9860.03,10,832.18,0.448,2383.51,3644.13,169.32,2007.96,1404.54,7312.63
U0214,11,1932.39,2164.62,2282.22,2126.41,4,526.85,0.777,154.71,69.02,256.8,416.52,1035.35,2159.3
U0234,15,6961.58,5632.26,5199.17,5931.0,14,571.36,0.691,1522.69,1093.78,1271.49,1338.49,1735.14,5575.07
U0179,7,16206.36,16372.14,14458.88,15679.13,11,1523.02,0.491,3409.98,1377.8,4066.99,6819.08,532.52,12594.67
U0096,8,5322.38,5121.19,5485.68,5309.75,11,533.0,0.407,1115.46,108.08,913.18,1655.75,1529.9,4764.44
U0142,22,9357.36,10547.4,10105.12,10003.29,12,685.42,0.643,1108.43,878.79,4785.02,1874.2,710.91,7936.46
U0243,24,6179.9,6446.95,6438.68,6355.18,13,458.79,0.673,1399.97,254.99,456.11,3878.85,189.98,4810.04
U0012,16,18274.56,17911.91,16547.57,17578.01,10,1763.11,0.451,5017.76,1390.58,3185.83,1267.81,7412.57,16015.06
U0085,21,7169.39,7136.2,6661.82,6989.14,11,610.83,0.786,3274.67,63.56,1005.94,317.11,2508.11,7119.48
U0241,6,8608.01,8885.82,8854.36,8782.73,8,1051.75,0.509,724.39,284.38,418.46,4374.43,2806.35,7098.26
U0118,6,15353.37,15954.59,14833.46,15380.47,5,2951.69,0.598,1066.27,3684.31,4077.18,1601.47,4924.14,14136.38
U0250,7,6859.83,6233.31,7160.89,6751.34,15,409.8,0.572,2403.89,1060.11,1395.35,1897.93,102.54,5460.47
U0133,20,5945.3,6404.39,7441.7,6597.13,20,317.63,0.578,1103.56,242.33,1083.97,1887.96,1627.48,4577.86
U0237,21,2660.92,2652.94,2989.57,2767.81,11,262.27,0.574,864.57,456.27,466.47,343.01,530.59,2317.78
U0066,14,13508.65,12713.88,11636.36,12619.63,13,1104.69,0.466,2433.16,4380.2,895.9,2796.9,3002.49,11092.83
U0120,12,3231.44,3122.6,3904.66,3419.56,7,422.7,0.696,377.41,396.4,703.23,441.67,1312.74,2763.54
U0123,9,8372.77,8020.05,8406.68,8266.5,6,1473.94,0.888,593.38,1320.8,425.91,545.75,5486.93,6828.0
U0149,15,4692.24,4422.64,4469.64,4528.17,11,461.82,0.53,1216.04,470.95,162.1,1219.12,1624.03,4412.18
U0037,7,12288.3,12728.01,11258.37,12091.56,13,1054.5,0.62,3375.25,893.93,758.48,298.28,6962.36,10597.8
U0013,19,5138.8,4840.12,5083.68,5020.87,11,530.99,0.613,1152.7,2235.82,788.24,437.8,524.25,4314.17
U0116,15,4456.45,4541.08,4080.55,4359.36,8,507.0,0.645,615.57,1758.55,781.37,729.43,571.53,3945.34
U0071,24,5475.36,5290.11,5454.57,5406.68,9,518.04,0.895,672.42,2927.09,883.62,715.56,276.67,5052.45
U0016,10,5605.92,6194.53,5381.93,5727.46,13,372.48,0.913,672.74,536.77,614.68,2732.97,1048.77,4463.31
U0103,7,9429.61,9383.73,9874.16,9562.5,12,775.8,0.699,1615.67,1891.07,1718.11,554.42,3650.34,7226.45
U0124,9,11404.76,10826.83,10260.27,10830.62,5,2388.87,0.748,571.79,1615.1,1387.48,3931.54,3898.86,9274.2
U0193,7,7828.29,7335.46,8069.41,7744.39,15,543.84,0.684,1098.14,704.07,2548.85,1387.77,2089.45,6747.79
U0124,21,9210.46,9741.27,8541.6,9164.44,16,498.18,0.682,1681.11,5260.74,872.39,1113.41,282.82,7539.08
U0145,5,5576.84,6235.33,5893.82,5902.0,14,401.89,0.63,208.95,1508.82,1060.43,1689.4,1109.23,5331.09
U0129,21,5519.78,5705.74,4845.52,5357.01,9,548.35,0.427,893.43,2621.78,274.52,1252.19,477.86,4672.86
U0027,8,24938.66,22505.37,21726.7,23056.91,15,1443.67,0.704,5371.43,4110.68,4325.21,5681.31,5450.02,19826.33
U0089,24,2269.85,2156.2,1898.43,2108.16,13,155.62,0.729,245.01,874.23,444.44,104.45,601.72,2103.93
U0083,11,7134.98,7169.2,9877.42,8060.53,11,590.38,0.599,656.87,1399.46,953.06,1164.02,2961.58,6494.07
U0087,16,6025.11,5400.54,4786.52,5404.06,13,489.86,0.78,1764.69,786.71,865.87,227.69,2380.15,4800.93
U0089,24,29524.33,30626.83,32783.36,30978.17,9,3510.22,0.634,6626.45,1804.52,8644.36,9425.75,3023.25,26563.5
U0175,18,7199.95,8250.22,7655.2,7701.79,10,780.59,0.515,1174.6,1987.06,700.52,684.24,2653.53,5169.69
U0037,11,5651.75,5443.23,5597.01,5564.0,14,451.82,0.623,1902.01,1757.37,603.42,877.77,511.18,5407.24
U0085,17,22878.59,20588.11,18246.15,20570.95,13,1649.93,0.715,2520.2,4260.88,3665.16,8214.4,4217.95,17969.4
U0058,8,7920.17,9051.6,9814.09,8928.62,9,838.81,0.819,1503.13,854.22,2178.04,753.66,2631.12,6592.94
U0116,19,3366.36,3047.9,2781.11,3065.12,3,1134.44,0.463,527.35,386.94,807.26,641.79,1003.02,2881.76
U0158,21,10090.51,10038.51,9298.51,9809.18,11,903.53,0.645,1003.6,1465.38,2361.44,2506.51,2753.59,8436.26
U0229,4,26676.98,26515.34,23673.62,25621.98,12,2326.99,0.445,3893.52,1626.67,7287.3,9428.28,4441.22,26177.55
U0033,7,4138.39,4834.94,4441.01,4471.45,14,319.88,0.746,200.61,1690.91,1206.35,210.91,829.61,3502.02
U0072,23,10917.86,10695.41,10305.27,10639.51,16,586.51,0.553,4539.92,111.67,2202.31,3414.74,649.21,8430.49
U0190,12,3792.91,3522.83,3328.17,3547.97,10,415.1,0.6,464.16,2158.03,269.0,198.26,703.45,3000.77
U0083,18,7286.19,7102.37,7043.94,7144.17,10,640.66,0.473,2652.87,642.28,1801.46,644.25,1545.33,6494.7
U0225,12,4030.92,4021.11,4058.63,4036.89,12,312.68,0.702,1069.0,531.48,1417.0,95.62,917.83,2874.96
U0213,20,7688.34,7657.53,6874.33,7406.73,11,707.74,0.662,1358.23,155.15,2211.55,915.45,3047.95,6303.05
U0120,14,8418.34,7930.85,8141.74,8163.64,10,848.38,0.792,2822.33,418.6,643.1,1696.61,2837.69,7627.42
U0203,11,5899.42,4912.19,4307.04,5039.55,8,838.71,0.749,871.47,923.34,1075.92,1452.17,1576.52,4458.18
U0240,4,6588.04,6478.45,5937.69,6334.73,17,353.02,0.544,1247.61,2352.63,968.35,248.56,1770.9,4791.31
U0194,9,4722.12,4356.52,4524.89,4534.51,4,1155.67,0.621,1337.42,936.57,565.59,607.39,1275.15,4055.91
U0048,20,21996.66,19944.96,20191.6,20711.07,7,2758.57,0.642,3763.8,2078.28,6394.91,1731.72,8027.95,21499.65
U0116,15,9652.22,9213.4,10417.64,9761.09,13,851.43,0.854,3535.12,2737.81,1123.27,913.0,1343.03,7645.09
U0007,8,6679.06,7554.0,7926.35,7386.47,9,782.65,0.613,1047.68,173.24,3803.67,1072.24,582.23,5624.64
U0111,10,4543.7,4561.28,4936.3,4680.43,4,983.54,0.285,1984.99,301.98,209.35,345.13,1702.26,4309.24
U0137,4,6195.51,6572.0,6150.13,6305.88,9,750.43,0.521,874.08,2376.24,450.74,254.24,2240.21,5544.82
U0059,22,1603.4,1401.37,1344.24,1449.67,10,151.88,0.436,443.05,306.1,372.96,82.21,399.08,1522.46
U0120,16,22534.66,22421.15,21327.65,22094.49,16,1463.61,0.859,2790.57,4468.04,5660.36,5273.71,4341.97,20875.34
U0249,22,5367.79,4919.66,4705.12,4997.52,14,353.49,0.641,136.42,132.92,2464.22,1071.68,1562.55,4857.68
U0124,10,3403.18,3590.03,3830.98,3608.06,10,357.92,0.412,562.92,118.0,793.14,623.75,1305.37,3586.58
U0163,19,8559.97,8689.79,9136.91,8795.55,11,701.47,0.722,1428.7,2227.37,1229.36,1606.71,2067.83,5983.17
U0193,11,9242.11,9517.52,8888.96,9216.2,12,704.98,0.57,2295.97,1603.43,304.95,3170.13,1867.64,6641.04
U0125,4,10704.59,10076.32,9324.81,10035.24,14,696.53,0.34,4888.1,1171.77,525.79,3250.66,868.27,9504.26
U0172,19,10105.43,9013.71,9341.25,9486.8,14,772.0,0.477,3882.84,253.78,1873.96,1260.22,2834.63,8786.73
U0011,23,2850.27,2394.82,2439.74,2561.61,11,293.72,0.546,533.87,129.41,43.9,1219.96,923.13,2310.07
U0239,20,8888.49,9711.87,8807.71,9136.02,11,843.3,0.557,2837.87,870.44,2817.19,2168.26,194.72,7084.38
U0195,8,10249.27,10320.98,9618.14,10062.79,16,632.07,0.779,587.77,613.3,3681.56,1579.98,3786.66,9247.7
U0101,7,4233.08,3979.24,4174.34,4128.89,12,339.48,0.413,1239.41,967.52,355.9,397.32,1272.93,3339.14
U0047,16,4034.05,4516.39,4071.92,4207.45,18,219.36,0.745,1957.84,173.25,321.89,618.19,962.89,3531.23
U0215,17,13643.07,11320.14,10932.55,11965.25,11,1396.52,0.471,3154.58,664.53,2572.78,5347.77,1903.41,6843.7
U0031,23,10642.96,10222.2,8962.86,9942.67,10,917.51,0.826,1300.69,2869.56,2053.71,2307.6,2111.4,8335.12
U0190,9,8479.89,7826.42,7449.22,7918.51,8,1082.46,0.906,1424.62,2189.75,402.47,1555.84,2907.21,7769.23
U0231,9,6927.21,6674.78,7473.94,7025.31,8,951.07,0.767,1596.89,338.82,969.23,1961.44,2060.82,4931.17
U0230,15,18262.85,17223.78,18038.81,17841.81,18,1157.64,0.405,1939.07,508.56,6378.06,3574.47,5862.7,17357.63
U0088,14,33220.91,32160.25,27869.29,31083.48,10,3024.9,0.748,10629.99,9835.2,4255.79,3923.6,4576.34,27090.73
U0100,10,33386.25,27240.13,23904.66,28177.01,9,3457.86,0.578,3010.77,4021.14,12013.34,9567.99,4773.02,21732.98
U0087,18,16637.34,15077.16,17550.34,16421.61,11,1699.65,0.847,1961.53,8022.72,1149.18,4716.38,787.53,11660.24
U0137,22,9336.03,7285.61,7227.83,7949.82,7,1303.29,0.687,4143.42,825.67,1546.01,1122.42,1698.52,8543.97
U0070,7,11225.15,10824.06,11732.21,11260.47,7,1779.75,0.685,2320.58,3808.48,3198.46,263.18,1634.45,9038.36
U0157,12,7843.73,8015.97,8410.33,8090.01,13,537.89,0.821,1654.27,1116.51,473.11,1489.48,3110.37,6698.98
U0213,5,20467.03,17416.32,18461.53,18781.63,16,1466.36,0.542,5103.03,1302.26,5194.52,1612.23,7254.99,17221.11
U0071,9,8260.05,7985.4,9373.66,8539.71,10,867.13,0.685,753.53,2769.11,1234.21,2429.48,1073.73,7083.95
U0147,11,4322.82,3746.5,3722.92,3930.75,11,431.53,0.923,944.26,678.26,1199.07,485.04,1016.2,3161.3
U0019,24,17572.18,17581.53,18055.39,17736.36,15,1177.33,0.493,4426.77,6227.45,2286.4,2343.64,2287.92,15634.7
U0099,10,6746.26,5694.51,5316.5,5919.09,10,679.54,0.75,3572.86,684.36,265.07,450.98,1773.0,4745.04
U0014,10,10374.79,10423.35,9819.25,10205.8,8,1262.23,0.714,3465.37,2768.5,897.55,2035.19,1208.17,8418.32
U0220,6,12508.02,13520.63,13561.55,13196.73,9,1392.2,0.627,378.33,4377.78,2298.26,2377.44,3076.2,10769.53
U0176,11,2376.22,2032.8,2247.27,2218.77,10,219.48,0.916,568.23,249.46,338.53,627.83,592.17,1847.97
U0225,19,19322.87,17925.19,18219.08,18489.05,11,1510.05,0.501,3535.51,5911.94,383.86,3307.88,6183.69,14633.56
U0003,5,14509.55,13021.27,11230.11,12920.31,6,2365.29,0.419,4717.3,955.99,1651.48,4145.03,3039.75,11837.99
U0099,13,43207.26,41699.25,35426.12,40110.88,13,3187.02,0.785,7617.08,9768.82,13227.37,4315.56,8278.43,36076.66
U0022,11,4513.76,4837.22,4760.9,4703.96,9,509.05,0.605,697.93,970.91,808.14,1285.52,751.25,4369.06
U0186,16,5827.07,6294.88,5834.86,5985.6,16,408.0,0.491,2083.57,279.75,660.4,488.52,2314.84,4806.81
U0052,12,34403.01,33149.71,31426.21,32992.98,16,2381.98,0.733,7169.59,1791.66,10439.32,7719.13,7283.3,33098.1
U0074,14,22666.47,21540.22,21114.14,21773.61,14,1825.09,0.644,6576.41,2752.78,4576.45,3798.24,4962.59,16399.67
U0222,9,8335.77,7946.49,7545.21,7942.49,14,519.09,0.477,3830.48,1184.07,1024.67,429.43,1867.12,7731.88
U0022,9,11760.15,9477.54,9640.25,10292.65,8,1337.56,0.565,1556.81,1102.4,2800.1,2504.67,3796.18,8789.16
U0241,7,12829.35,13158.8,14325.74,13437.96,11,1194.46,0.326,849.9,3225.78,5744.43,1025.2,1984.03,10447.35
U0177,15,37029.08,36477.16,34021.67,35842.63,13,2635.29,0.607,9536.69,10743.01,1708.63,2229.97,12810.79,30119.7
U0006,13,24436.11,24912.49,22685.12,24011.24,16,1468.65,0.532,5261.05,3253.24,574.66,4237.91,11109.24,20797.89
U0176,6,4527.65,4487.42,4486.56,4500.54,9,463.23,0.668,1413.42,390.73,1239.04,96.83,1387.63,3171.76
U0007,21,3877.25,3783.68,3568.68,3743.2,8,471.31,0.659,1029.79,688.52,544.86,1335.2,278.87,3387.87
U0246,17,19173.81,19593.01,18294.03,19020.28,9,2012.11,0.682,6755.61,2569.11,4827.0,867.55,4154.53,14942.14
U0020,5,3751.99,3876.68,3715.32,3781.33,7,561.91,0.768,1531.51,76.36,48.7,925.39,1170.02,3366.35
U0044,4,19850.22,20388.35,18999.44,19746.0,9,2223.32,0.408,2594.78,4074.78,4880.51,6174.13,2126.03,16591.73
U0186,22,44531.05,41063.51,36218.59,40604.38,7,5425.15,0.825,13409.66,2607.92,7690.77,13094.56,7728.14,40104.75
U0119,13,4966.05,5232.6,5425.92,5208.19,12,425.63,0.412,2909.86,92.6,814.19,610.23,539.17,3498.5
U0230,9,19250.67,15556.13,15004.54,16603.78,7,2563.34,0.539,1370.1,7042.67,5413.07,3773.13,1651.72,12981.5
U0025,8,5674.64,5737.92,5567.42,5659.99,11,457.11,0.826,1948.72,791.0,455.38,1564.66,914.87,4606.34
U0114,9,10794.23,9713.45,9421.95,9976.54,9,1349.17,0.226,304.74,611.41,4842.84,2311.29,2723.95,9670.04
U0015,7,3715.15,4198.55,3608.07,3840.59,7,591.01,0.87,1434.13,150.57,54.71,577.8,1497.94,3399.16
U0125,5,13639.31,13090.39,12975.77,13235.16,14,1095.42,0.772,4495.59,1635.88,403.21,3864.25,3240.38,11954.74
U0205,21,6114.39,6087.03,5849.84,6017.09,8,756.26,0.692,1134.36,1003.24,1101.74,894.7,1980.34,4940.56
U0155,11,3837.72,3829.63,3807.17,3824.84,10,341.08,0.506,2219.8,135.06,219.05,710.41,553.39,3221.08
U0042,17,17640.19,15563.5,16575.46,16593.05,11,1595.22,0.66,4538.43,1236.2,6371.2,1306.71,4187.66,18368.29
U0005,17,17018.73,19319.04,19349.77,18562.51,13,1112.96,0.424,1665.66,7317.53,2869.13,3498.8,1667.6,16086.45
U0179,18,13416.21,13869.26,12277.59,13187.68,9,1318.69,0.732,3997.97,1656.38,1592.85,1551.23,4617.77,10038.33
U0081,7,27088.09,28445.31,28058.51,27863.97,7,3332.43,0.552,8317.7,2431.64,2385.2,10486.19,3467.35,21924.95
U0229,22,4189.43,4027.26,3584.18,3933.62,12,387.41,0.682,610.57,286.82,344.91,1227.33,1719.8,3080.3
U0073,18,21208.18,22675.56,23180.1,22354.62,11,1873.02,0.739,3713.76,488.26,214.04,1692.13,15099.99,19595.62
U0114,13,27465.67,30225.45,28461.68,28717.6,11,2461.35,0.603,2961.02,3080.63,16216.9,1497.95,3709.16,27122.68
U0102,4,5950.71,5672.94,6145.21,5922.95,13,407.35,0.373,1135.29,192.91,832.44,2514.18,1275.89,5146.69
U0141,6,15596.77,16971.02,16240.84,16269.54,7,2308.37,0.719,3398.74,3914.76,891.66,3396.16,3995.45,12118.0
U0230,14,8797.77,9211.23,9968.93,9325.98,19,394.92,0.492,792.59,847.02,2614.37,3487.27,1056.52,8004.3
U0036,7,5518.56,5497.28,4835.41,5283.75,13,407.73,0.467,1905.32,604.08,509.5,1154.53,1345.14,4821.1
U0105,20,6931.83,7602.18,8206.79,7580.27,18,363.97,0.539,2065.84,641.42,74.12,1840.43,2310.02,6067.84
U0242,18,8026.89,7478.09,8204.35,7903.11,17,431.66,0.89,544.38,899.64,1426.01,1445.52,3711.34,7802.34
U0122,10,2449.27,2631.68,3130.51,2737.15,12,228.79,0.388,545.78,401.05,535.78,217.43,749.22,2137.17
U0240,20,6170.29,5208.12,5302.42,5560.28,12,557.89,0.532,1127.75,1614.8,1333.81,882.87,1211.07,4874.59
U0082,4,18016.53,17443.64,18027.32,17829.16,8,2125.18,0.629,5926.11,990.73,1399.52,7481.12,2219.05,12873.1
U0169,15,5117.98,5066.75,4313.5,4832.74,6,857.62,0.755,156.04,1451.21,1376.08,549.41,1585.24,4313.76
U0043,20,15684.38,17245.49,15728.39,16219.42,12,1186.47,0.625,929.32,1890.29,8958.53,2557.32,1348.91,14301.98
U0135,10,4790.54,6292.41,7200.9,6094.62,15,320.11,0.698,434.12,1427.44,368.3,209.25,2351.44,4977.71
U0019,15,3085.23,3402.71,3169.58,3219.17,12,233.17,0.805,1321.98,531.6,241.55,471.04,519.06,1984.09
U0113,19,25276.99,25421.7,22900.23,24532.97,13,1720.47,0.88,7423.12,1242.56,8496.29,5096.72,3018.3,21801.55
U0192,18,6192.81,5549.75,5496.37,5746.31,12,576.07,0.489,252.39,1343.41,900.8,1629.31,2066.89,5039.08
U0040,8,4624.48,4875.07,4739.16,4746.24,7,698.45,0.492,1595.33,279.89,754.54,788.7,1206.01,4048.41
U0169,20,4192.82,3976.24,4282.44,4150.5,11,394.41,0.439,69.51,438.12,424.45,2054.62,1206.12,3516.85
U0085,20,2713.62,2871.97,2819.95,2801.85,7,347.23,0.701,1068.29,449.07,332.34,573.22,290.7,2934.34
U0068,20,40849.39,37652.2,36915.23,38472.27,7,6110.41,0.661,7041.59,4394.65,4505.82,7780.29,17127.04,30978.8
U0008,23,3789.06,4149.65,4265.55,4068.08,8,518.91,0.636,104.45,1174.01,1187.62,648.82,674.16,3810.33
U0079,18,16319.43,15081.56,13774.66,15058.55,12,1318.21,0.666,3752.06,2066.72,2452.28,3421.91,4626.47,13921.55
U0148,17,14775.73,13658.42,13281.41,13905.19,8,1637.75,0.392,5307.71,705.94,3975.33,2430.9,2355.85,11494.35
U0016,23,12443.31,12881.96,11384.93,12236.73,10,1145.77,0.617,4173.38,1493.22,3168.47,2868.38,739.87,12399.44
U0039,18,28332.18,26653.74,27060.67,27348.87,13,2502.05,0.6,4342.87,6668.55,4051.79,8514.88,4754.09,25853.0
U0071,20,8669.31,8018.35,7030.58,7906.08,11,678.78,0.6,1826.4,1151.52,3542.43,547.18,1601.77,7035.4
U0116,24,11840.72,12917.31,12673.12,12477.05,10,1322.09,0.613,2549.33,2035.26,421.04,1320.46,5514.63,9526.98
U0195,20,5752.47,6068.44,6269.18,6030.03,12,431.42,0.695,1714.84,808.17,258.5,664.85,2306.11,4726.02
U0065,22,4981.89,4888.51,5564.45,5144.95,7,723.38,0.575,619.96,548.26,1939.77,1148.06,725.84,4175.5
U0127,15,12524.55,10981.94,10728.25,11411.58,15,791.94,0.799,5116.29,3654.91,1507.05,231.1,2015.22,8808.29
U0214,16,6817.66,6251.05,5974.38,6347.7,17,389.08,0.943,1122.44,2429.22,458.14,1691.32,1116.54,5332.02
U0166,7,11949.58,11515.58,14774.53,12746.56,14,865.55,0.517,2866.53,1620.01,1568.19,3616.34,2278.51,11186.42
U0199,6,12302.68,12193.31,11720.54,12072.18,13,811.7,0.699,4727.05,1839.3,805.94,1528.73,3401.65,10314.67
U0063,12,22434.44,20337.06,19759.12,20843.54,10,2162.74,0.773,2130.45,1683.06,1334.06,8912.55,8374.32,17829.17
U0166,4,5472.68,5234.42,5268.58,5325.22,11,430.77,0.764,777.23,266.77,1446.81,1242.71,1739.16,5088.42
U0190,11,39939.54,38287.06,39525.63,39250.75,11,3531.15,0.628,3522.65,10280.73,2010.29,2858.09,21267.79,31605.06
U0050,4,13384.23,13430.15,13415.25,13409.87,11,1348.87,0.678,711.55,2092.96,186.98,3609.29,6783.44,10535.11
U0111,11,10938.61,11580.51,11148.79,11222.64,11,955.42,0.59,3323.79,1539.01,2054.73,2792.69,1228.39,9990.63
U0132,23,12460.32,12180.16,12070.27,12236.91,9,1192.18,0.757,1481.9,3556.65,574.06,4396.08,2451.64,10480.28
U0061,24,11042.41,10947.32,10157.77,10715.83,17,597.22,0.586,1883.51,2924.06,839.81,3905.51,1489.52,8345.29
U0151,13,7718.9,6792.91,6107.22,6873.01,13,676.56,0.757,2117.86,877.57,1182.32,1652.84,1888.3,6135.64
U0247,16,2995.3,2960.59,2571.44,2842.44,13,212.36,0.786,1018.31,251.87,234.07,1053.15,437.9,2110.2
U0089,5,7493.45,7531.25,8900.49,7975.06,9,814.62,0.876,835.76,1206.11,858.95,1335.84,3256.78,6635.68
U0131,20,15440.3,14150.96,13888.65,14493.3,12,1345.97,0.648,4413.23,963.46,5744.0,900.0,3419.61,13582.47
U0011,21,41999.92,42606.84,42460.49,42355.75,5,8608.81,0.44,6674.17,3661.3,18935.67,2598.47,10130.31,31683.01
U0019,17,14042.63,14298.36,14688.05,14343.01,10,1211.55,0.375,1571.6,5238.34,1907.63,3669.24,1655.82,12832.4
U0077,22,13219.26,11206.82,11867.31,12097.8,11,1215.28,0.746,2671.58,3487.56,1797.17,803.2,4459.75,10747.5
U0220,17,7361.8,7218.74,6602.7,7061.08,6,1258.93,0.869,1422.52,2462.39,252.77,2120.74,1103.37,5907.85
U0009,20,5049.07,4212.98,4920.73,4727.59,7,811.79,0.632,161.27,2485.49,961.87,1257.07,183.37,4249.08
U0249,6,9093.73,7896.51,6964.71,7984.98,15,680.96,0.623,1672.77,1445.31,850.04,4329.25,796.37,7923.49
U0144,23,9735.0,9630.4,8605.0,9323.47,13,783.93,0.827,2251.92,598.84,3254.4,1400.5,2229.33,9370.48
U0204,9,5183.37,4804.66,5584.6,5190.88,9,560.21,0.571,637.11,2410.5,610.56,910.44,614.77,4535.71
U0096,24,5335.91,5038.36,5295.42,5223.23,11,529.4,0.717,733.43,1635.55,638.15,365.4,1963.38,4197.56
U0051,12,7784.83,7295.58,6813.84,7298.08,3,2496.08,0.81,2326.95,791.77,1969.56,1126.03,1570.51,6234.35
U0105,17,8747.67,8897.05,9579.33,9074.68,11,718.74,0.664,4760.56,1859.09,436.81,565.32,1125.88,8064.6
U0043,23,6732.76,5943.09,5570.26,6082.04,8,824.78,0.882,127.66,558.3,1711.57,1846.27,2488.97,5606.97
U0170,20,2551.92,2449.95,2330.19,2444.02,11,218.8,0.851,226.31,22.76,448.67,200.91,1653.28,1862.41
U0085,4,5125.28,5868.69,5369.7,5454.56,16,316.95,0.472,1051.4,785.55,366.59,420.75,2500.99,4736.69
U0138,22,11413.87,11679.69,10147.85,11080.47,9,1427.02,0.706,2228.23,1614.08,850.75,2795.05,3925.76,8950.71
U0031,14,5793.15,5469.78,5471.79,5578.24,8,698.95,0.271,1052.68,767.49,726.34,534.14,2712.5,5302.61
U0240,22,5966.4,6825.62,8035.6,6942.54,16,373.47,0.699,1134.22,469.14,1208.51,1765.38,1389.15,5054.13
U0004,7,4522.69,4424.03,4265.36,4404.03,11,459.41,0.844,874.41,937.96,481.88,934.75,1293.69,3774.58
U0187,24,34254.16,31097.98,27480.61,30944.25,7,4548.19,0.611,16306.52,1025.48,6380.79,2180.82,8360.55,22522.03
U0164,22,7091.28,6714.72,6210.61,6672.21,6,1176.45,0.83,4030.85,383.01,932.64,511.38,1233.4,5059.89
U0008,10,4455.72,5031.93,6219.55,5235.74,8,595.67,0.69,1011.61,552.38,1117.16,717.59,1056.98,3990.94
U0188,17,17242.05,18098.67,17294.73,17545.15,14,1328.45,0.637,1079.28,2730.22,4718.02,3014.05,5700.48,13866.28
U0207,7,7778.63,7874.32,7416.03,7689.66,13,589.0,0.902,1579.06,1203.72,2628.14,270.57,2097.15,6604.42
U0019,22,13240.52,12591.45,12481.98,12771.31,13,922.06,0.515,5117.52,3079.18,1424.34,496.7,3122.77,8974.09
U0201,14,15441.32,13108.33,13392.58,13980.74,6,2483.25,0.546,677.88,3470.86,3819.53,2223.12,5249.93,11794.72
U0082,14,7204.81,7670.36,7074.31,7316.49,5,1464.98,0.831,866.79,88.52,1915.01,1957.66,2376.83,6307.62
U0021,24,17198.04,15047.3,14592.19,15612.51,10,1763.31,0.466,1539.58,88.97,1421.22,3367.79,10780.49,12186.17
U0028,7,23218.13,23309.16,21089.15,22538.82,6,4132.44,0.501,5726.59,8988.0,2639.46,1611.51,4252.56,16979.22
U0170,18,40694.15,43421.18,43630.03,42581.78,12,3661.8,0.731,10009.74,14963.65,7579.76,1595.9,6545.1,42813.05
U0114,5,7915.55,7152.49,6856.79,7308.28,9,992.27,0.842,2351.71,3153.42,715.27,1042.82,652.34,7019.42
U0054,16,11232.44,11726.47,10874.84,11277.92,6,1680.48,0.609,2984.93,1698.24,3782.51,2010.37,756.39,9092.15
U0186,11,12102.27,12450.58,12761.04,12437.96,7,1478.31,0.552,1351.56,1198.61,919.98,469.9,8162.22,9939.28
U0054,15,6701.83,6316.37,6010.76,6342.98,13,496.5,0.44,1338.79,2964.16,671.61,431.96,1295.3,4839.85
U0077,18,5151.47,4512.68,4469.17,4711.11,15,387.8,0.566,2000.42,1032.37,1127.04,215.34,776.29,4326.37
U0242,7,9975.61,9620.56,8629.06,9408.41,9,1250.97,0.653,2658.33,1388.92,2154.17,1045.5,2728.69,7592.01
U0151,17,12910.3,14696.16,16532.66,14713.04,11,1064.19,0.445,4700.35,2261.8,1081.42,473.35,4393.37,11002.39
U0025,20,11399.68,10211.42,11080.55,10897.22,12,1064.13,0.601,3475.95,1620.92,5423.56,462.12,417.13,9872.65
U0021,23,12574.23,11055.71,9967.68,11199.21,11,1069.98,0.858,6126.42,2115.05,1257.82,729.14,2345.8,10193.86
U0231,20,18985.44,17620.96,17380.37,17995.59,9,2123.5,0.762,6854.63,1114.12,2610.9,1494.36,6911.44,14670.68
U0086,15,18152.62,15859.18,14741.8,16251.2,14,1259.86,0.643,4727.13,5330.68,2164.46,1035.76,4894.6,18725.48
U0120,8,6727.0,5875.47,6068.65,6223.71,10,689.93,0.846,2153.6,875.11,151.61,582.59,2964.09,5504.78
U0103,17,6331.21,6137.64,6213.38,6227.41,12,510.08,0.744,726.63,469.73,2259.87,808.96,2066.03,6336.23
U0095,23,17615.45,15746.08,16993.07,16784.87,6,2821.61,0.577,1727.51,6556.61,3162.08,4145.72,2023.53,13056.64
U0053,11,11808.12,11531.18,11495.72,11611.67,17,701.07,0.342,1815.25,3649.38,3233.93,845.06,2264.5,8336.16
U0204,10,11568.72,10324.98,11246.8,11046.83,9,1259.41,0.605,734.77,4562.12,1102.39,2314.33,2855.11,8722.05
U0015,17,17843.88,17887.88,18910.6,18214.12,10,1736.62,0.748,2469.97,812.83,476.73,5948.72,8135.63,16539.5
U0198,10,8205.21,8653.7,8216.35,8358.42,8,1075.89,0.793,1173.49,3683.16,1452.07,1036.92,859.57,7238.72
U0216,15,8177.84,8000.98,7672.05,7950.29,17,544.74,0.577,995.25,1814.77,1608.49,1559.6,2199.72,5712.96
U0151,20,6351.0,6088.73,7088.53,6509.42,14,437.78,0.356,3058.67,1351.97,336.42,1314.92,289.01,5878.59
U0217,9,9453.54,10433.67,10282.86,10056.69,9,1101.42,0.772,3575.71,1878.38,261.55,1805.85,1932.05,7597.37
U0083,6,4434.94,4636.33,4295.13,4455.47,17,283.41,0.741,793.08,2045.46,158.41,263.07,1174.92,3558.7
U0249,6,16630.68,15303.37,13809.04,15247.7,8,1906.54,0.744,2268.19,3782.71,6737.19,1635.58,2207.0,9823.1
U0146,10,16873.34,17808.64,15984.81,16888.93,13,1194.83,0.376,7327.16,1978.82,1217.14,2257.07,4093.15,15053.4
U0058,10,27993.01,31857.29,34597.49,31482.6,10,2760.13,0.582,6658.72,5586.0,5236.9,2903.24,7608.15,21398.65
U0146,5,18443.05,18243.26,15620.57,17435.62,10,2028.02,0.436,6829.23,3286.72,3901.67,1070.95,3354.47,14439.23
U0132,21,51905.69,51508.57,50632.87,51349.05,12,4074.73,0.634,8486.61,7579.35,9724.45,8527.53,17587.75,44218.59
U0057,17,9465.16,9864.31,9683.07,9670.85,9,1065.78,0.693,2947.88,1644.66,2443.28,638.93,1790.41,8350.24
U0026,8,7836.42,7639.22,7374.02,7616.55,10,768.22,0.63,1528.1,2052.81,798.12,985.2,2472.19,5558.36
U0075,8,3206.85,3305.7,3049.88,3187.48,13,233.21,0.378,795.69,501.36,146.66,1157.45,605.69,1925.28
U0188,22,2495.5,2538.74,2776.03,2603.42,10,250.52,0.459,162.93,187.84,144.51,538.81,1461.42,1965.97
U0219,9,30897.39,29649.52,31502.65,30683.19,17,1803.42,0.516,1208.61,5412.75,8861.45,1281.24,14133.34,29799.04
U0192,7,4089.18,3643.05,4151.75,3961.33,10,358.41,0.696,369.41,926.47,428.25,729.21,1635.85,3087.79
U0194,11,8832.76,8419.7,9509.2,8920.55,16,599.73,0.674,2834.54,1009.4,477.5,1295.87,3215.46,7394.56
U0163,13,6797.07,7826.32,7960.13,7527.84,16,482.92,0.562,3674.72,198.21,261.12,1871.16,791.86,6561.8
U0075,14,10061.82,9146.62,8396.56,9201.67,11,908.83,0.595,1149.78,3254.67,1842.75,1207.32,2607.3,10559.43
U0108,5,18511.7,19655.44,17465.19,18544.11,13,1237.46,0.855,5394.15,1400.11,2169.29,1208.47,8339.69,14291.82
U0049,9,3222.13,3125.45,2912.55,3086.71,13,241.48,0.519,505.67,690.69,389.75,1345.48,290.55,3162.29
U0077,5,21526.52,20451.56,19620.49,20532.86,10,2423.04,0.71,5879.73,7727.24,4409.91,1619.37,1890.27,16271.76
U0235,15,35956.27,35683.23,32056.79,34565.43,7,5052.52,0.345,11897.87,1240.64,9976.88,4644.47,8196.41,30713.75
U0050,14,8185.84,9520.79,9431.98,9046.2,12,587.47,0.79,665.66,977.84,160.91,3401.89,2979.54,7329.46
U0089,6,15213.81,16747.84,18905.66,16955.77,11,1438.67,0.774,1746.71,2112.04,2127.65,2520.62,6706.79,12545.44
U0002,17,13762.08,14870.75,15033.73,14555.52,9,1332.95,0.667,532.99,5837.18,818.17,455.36,6118.38,12363.45
U0098,15,9574.42,9479.25,9653.03,9568.9,15,639.41,0.654,785.59,1310.87,583.85,1785.0,5109.12,7654.64
U0199,9,14136.82,13440.35,13062.17,13546.45,13,965.81,0.693,3284.62,5484.77,1986.05,2242.95,1138.43,11905.13
U0005,13,15124.01,15201.3,15409.68,15244.99,8,2093.09,0.685,2032.74,5491.39,2736.8,1868.76,2994.32,10688.4
U0055,23,10301.21,8935.8,8532.62,9256.54,8,1149.3,0.339,2283.59,1711.11,1671.0,3215.31,1420.18,8473.56
U0111,17,12482.52,10698.48,9641.64,10940.88,10,1137.63,0.788,3154.33,1495.62,2029.55,777.33,5025.68,8767.47
U0110,10,6489.98,7773.49,7249.06,7170.84,13,545.61,0.449,325.72,2380.6,653.14,1628.1,1502.42,6441.14
U0184,20,5361.64,6245.33,6173.38,5926.78,11,475.2,0.47,285.36,752.14,1989.13,1260.45,1074.57,4821.13
U0038,14,17071.42,17624.7,16237.12,16977.74,16,976.71,0.595,3255.08,2842.41,1535.17,7851.76,1587.0,14890.47
U0026,13,1553.92,1451.37,1537.22,1514.17,11,149.85,0.558,85.65,488.57,689.0,73.59,217.12,1331.52
U0095,12,6145.52,5999.21,5639.27,5928.0,15,375.3,0.608,206.72,609.73,531.65,2665.44,2131.98,5463.25
U0219,17,8436.08,8282.91,8711.83,8476.94,8,1165.48,0.687,1569.73,728.28,2839.42,2260.13,1038.52,7772.0
U0115,18,4157.12,4328.43,3818.16,4101.24,6,650.38,0.428,1871.54,328.46,478.21,296.99,1181.93,3443.86
U0062,13,4739.94,4990.59,5284.5,5005.01,16,289.8,0.62,1860.18,233.89,493.84,262.57,1889.46,4189.18
U0217,6,2311.3,2157.33,1913.16,2127.26,10,232.43,0.264,1090.31,150.53,347.95,157.64,564.87,2174.63
U0026,19,12714.83,11164.27,10986.75,11621.95,11,1109.32,0.783,655.06,1620.87,2115.39,5078.21,3245.31,11367.73
U0197,10,11293.97,11226.64,12700.53,11740.38,9,1345.17,0.834,3828.02,192.66,411.67,2531.51,4330.1,9376.85
U0206,15,11068.63,11676.96,10248.0,10997.86,10,1241.39,0.273,1631.47,1648.28,1595.72,2800.88,3392.27,10044.63
U0110,24,3863.79,4209.35,4712.02,4261.72,8,512.76,0.298,352.32,933.31,1013.38,738.73,826.06,3668.39
U0188,9,33480.27,31722.12,29114.72,31439.04,9,3624.98,0.518,3987.49,4125.72,2650.78,5460.92,17255.35,33424.09
U0239,14,5205.35,5414.28,5606.13,5408.59,7,658.99,0.629,524.08,536.61,1453.41,1182.81,1508.44,4130.3
U0171,7,12695.13,13259.23,12796.21,12916.86,10,1226.26,0.489,4262.42,3746.38,1122.23,1189.27,2374.83,10677.48
U0104,17,12995.73,14737.41,16209.58,14647.57,11,1081.68,0.7,3532.68,3831.77,2229.5,1762.92,1638.86,8268.9
U0009,24,25271.3,24261.32,24053.96,24528.86,13,2077.19,0.447,6831.37,829.2,8411.27,6769.13,2430.33,22640.36
U0167,18,11489.24,12166.91,13486.65,12380.93,12,1038.36,0.919,3274.56,1842.01,1733.49,1322.02,3317.16,8921.54
U0131,6,5888.59,5976.2,6291.77,6052.19,11,524.89,0.671,1015.32,543.7,1725.64,178.71,2425.22,4989.56
U0028,8,8419.64,9558.61,12496.89,10158.38,11,861.12,0.549,1697.4,1402.82,370.0,2581.39,2368.02,7064.69
U0122,18,7089.6,6544.19,7128.35,6920.71,10,684.03,0.477,1726.58,1524.39,1279.48,1846.67,712.47,5880.55
U0111,15,3677.01,4061.75,3530.9,3756.55,13,313.67,0.845,239.78,910.2,568.58,229.68,1728.77,3266.35
U0148,14,9664.27,8824.86,8400.51,8963.21,11,842.23,0.477,2205.48,2188.05,2282.85,2224.83,763.06,8379.7
U0025,4,2037.54,2000.75,1745.96,1928.08,10,225.11,0.668,537.75,801.74,92.17,150.38,455.5,1915.24
U0192,23,5928.48,5501.0,5026.39,5485.29,13,490.71,0.554,1091.78,1791.82,218.72,265.07,2561.09,4369.76
U0096,4,16690.78,17146.24,16983.54,16940.19,15,1223.43,0.803,2288.42,3352.99,5030.48,3896.65,2122.24,13371.45
U0026,4,26638.71,27248.0,24791.06,26225.92,12,2271.83,0.612,3694.63,6750.87,1516.88,5506.48,9169.85,20016.95
U0102,5,16402.42,16474.68,15669.24,16182.12,12,1518.43,0.533,6701.22,1489.24,2886.72,718.23,4607.01,14792.25
U0084,22,20741.33,18526.35,17240.72,18836.13,6,3397.44,0.662,1987.79,5357.58,5250.5,3612.68,4532.78,15421.56
U0247,16,9100.66,8879.38,8366.4,8782.14,10,879.69,0.579,1102.75,1264.05,1787.05,903.01,4043.79,9060.05
U0003,24,30670.11,32489.08,29646.09,30935.09,5,6418.04,0.783,3261.09,1540.5,12952.08,4478.95,8437.49,26851.06
U0135,20,10842.34,11534.6,12167.65,11514.86,13,799.07,0.532,1763.33,448.64,902.36,3309.35,4418.65,9372.97
U0168,16,13082.4,12091.42,11398.01,12190.61,11,1044.57,0.633,2108.52,3419.82,590.38,4448.93,2514.74,8571.69
U0008,13,6564.85,6330.12,5361.39,6085.45,12,514.03,0.455,1289.61,550.51,952.64,2954.86,817.23,6772.08
U0181,9,5967.17,6496.52,6034.4,6166.03,10,608.5,0.654,1352.51,1083.37,1112.82,745.74,1672.74,5055.17
U0241,18,5582.28,5686.12,5481.29,5583.23,10,542.7,0.56,1046.28,647.32,1037.61,1618.66,1232.42,5267.01
U0246,11,8068.25,8111.3,7753.8,7977.78,12,742.95,0.901,1467.25,1423.67,1233.41,1916.39,2027.54,7970.26
U0224,11,17447.32,16555.97,17439.3,17147.53,16,1179.02,0.672,3176.81,5459.69,2315.45,4811.31,1684.06,12245.43
U0067,10,4525.0,5418.99,5789.79,5244.59,6,651.98,0.73,886.26,399.04,1169.45,338.18,1732.07,4334.24
U0019,8,15746.37,15314.09,16852.45,15970.97,13,1319.82,0.71,8039.15,2875.26,2039.22,96.7,2696.04,10591.46
U0069,10,6721.24,6914.12,5608.11,6414.49,7,934.28,0.607,916.34,999.48,1388.74,1563.97,1852.71,6249.91
U0199,4,3175.17,3746.37,4039.04,3653.53,12,256.75,0.649,875.46,367.06,725.44,478.52,728.69,2989.94
U0032,23,16334.42,15785.9,14433.62,15517.98,8,2039.68,0.562,5293.12,645.56,349.68,6914.18,3131.89,17890.32
U0042,14,8174.98,9843.66,9142.57,9053.74,16,508.38,0.876,673.19,354.91,626.15,1387.97,5132.77,7652.86
U0216,24,3248.37,3735.98,4136.87,3707.07,9,309.16,0.887,365.57,1162.98,322.75,351.49,1045.59,3215.15
U0133,24,5202.53,4649.25,4503.66,4785.15,10,592.96,0.637,1991.41,47.31,390.98,877.09,1895.73,3684.99
U0191,7,5969.92,7358.22,7488.66,6938.94,10,550.19,0.682,1077.41,1710.04,422.02,379.55,2380.9,5601.11
U0233,9,5512.77,5650.51,6417.5,5860.26,14,337.12,0.916,110.91,1453.2,1938.01,1130.2,880.44,5603.21
U0161,22,8471.91,7257.99,6708.64,7479.51,10,857.59,0.608,3181.84,878.35,1492.46,522.81,2396.44,5722.64
U0138,18,5143.88,5025.17,5216.05,5128.36,9,590.75,0.678,841.11,337.55,2497.05,752.23,715.94,3797.67
U0081,24,5429.59,5345.92,5272.79,5349.43,8,648.66,0.513,321.58,546.31,311.47,1862.96,2387.28,5741.21
U0208,10,3790.32,3378.33,3215.98,3461.54,9,362.2,0.437,792.08,743.66,620.12,1189.23,445.23,3088.75
U0191,6,7718.16,8027.69,8032.61,7926.15,15,562.77,0.716,1044.36,3750.36,739.62,341.54,1842.28,6712.17
U0080,10,11001.94,11623.13,9810.5,10811.86,7,1646.25,0.853,1616.6,247.41,1588.96,5374.05,2174.91,8244.88
U0177,24,5089.23,5649.07,6055.21,5597.84,9,625.77,0.812,1641.5,658.25,924.99,421.5,1442.99,5211.18
U0244,12,42017.5,40664.14,35177.16,39286.27,10,4806.88,0.85,2864.16,8438.6,3295.71,7503.68,19915.35,36048.04
U0213,14,29870.86,33736.55,33946.47,32517.96,7,4377.24,0.516,7960.23,4586.65,2024.7,13076.97,2222.3,27385.33
U0090,18,11422.28,11103.13,11684.21,11403.21,7,1597.64,0.829,4503.16,890.57,1233.14,60.36,4735.05,10830.28
U0212,11,13231.59,12545.25,14742.56,13506.47,15,845.95,0.793,4701.8,805.12,3015.42,3769.59,939.66,10265.99
U0237,13,6784.86,6902.59,7347.73,7011.73,13,482.22,0.513,2061.23,537.65,930.98,1872.67,1382.34,6713.14
U0191,23,49066.31,52566.88,51358.28,50997.15,13,4312.14,0.323,9206.47,1960.31,12893.57,6001.0,19004.96,48958.57
U0230,13,8098.67,7379.48,7076.89,7518.35,9,995.61,0.711,4738.0,600.2,278.4,1806.6,675.47,6673.6
U0077,12,5550.03,5849.01,6456.17,5951.74,15,352.42,0.704,1454.47,1345.72,856.46,1219.72,673.66,5186.26
U0153,4,9649.27,8906.27,9269.77,9275.1,5,1733.72,0.682,2086.76,2972.17,731.68,1183.69,2674.97,8055.59
U0174,12,12561.24,11544.72,11133.04,11746.33,9,1590.63,0.452,2763.39,1297.89,2007.16,3703.29,2789.51,10916.42
U0019,24,8689.39,8413.76,8003.66,8368.94,12,647.95,0.499,2498.06,3151.38,507.16,630.37,1902.42,6079.52
U0124,7,7784.58,7505.15,6785.18,7358.3,14,588.17,0.699,985.8,1819.16,339.75,282.38,4357.49,6580.17
U0196,24,6820.67,6674.55,6387.07,6627.43,11,623.02,0.459,2039.27,804.1,1702.84,1641.86,632.58,6528.46
U0021,18,24172.97,21766.61,23893.85,23277.81,14,1768.88,0.759,5876.58,1578.82,2202.9,8788.01,5726.65,19466.83
U0112,17,11099.19,10145.95,9529.67,10258.27,5,2402.1,0.489,3556.44,2751.73,1168.73,925.98,2696.31,8219.91
U0118,15,12146.96,11617.48,11659.58,11808.01,9,1530.7,0.875,2981.51,3240.13,546.31,1044.49,4334.51,11438.33
U0094,23,13432.95,13744.66,12464.04,13213.88,9,1659.77,0.706,2182.73,3702.3,254.01,3752.19,3541.71,9737.45
U0187,23,17437.8,15598.43,13341.16,15459.13,8,2067.98,0.471,4458.28,4972.09,3482.1,1699.48,2825.86,11856.25
U0123,8,13051.86,12897.88,12439.63,12796.46,7,1777.61,0.636,3313.06,2450.8,1828.28,2711.52,2748.2,11264.16
U0234,21,7257.95,6781.09,6720.7,6919.91,12,642.97,0.71,1161.67,1592.09,247.84,2824.24,1432.12,6817.08
U0220,6,6076.83,5614.91,5797.24,5829.66,9,706.67,0.766,609.45,2265.81,333.81,1123.76,1743.99,4678.54
U0153,7,17477.93,16257.98,14946.2,16227.37,6,2678.42,0.748,1516.07,4129.0,1119.6,1522.2,9191.06,14245.35
U0182,21,5567.47,5212.05,6308.29,5695.94,11,432.67,0.568,418.96,347.33,1199.43,2001.28,1600.47,5030.01
U0108,18,13390.57,12365.69,12686.7,12814.32,11,1186.57,0.361,5335.74,107.1,1688.53,4511.1,1748.1,9258.86
U0082,14,29492.79,29651.33,27413.5,28852.54,16,1698.16,0.476,10144.22,2884.31,1334.68,1210.78,13918.8,24991.77
U0046,15,5705.98,5552.74,6960.36,6073.03,11,529.01,0.569,1134.69,2122.43,416.96,643.27,1388.61,4715.12
U0098,13,5426.73,5171.21,6602.94,5733.63,10,523.24,0.7,1517.88,1010.2,336.55,1899.95,662.16,4782.38
U0071,12,7867.06,7418.64,7557.0,7614.23,9,862.29,0.414,2239.71,264.81,3597.39,575.75,1189.4,8273.29
U0041,7,17285.95,15438.56,14389.71,15704.74,9,1960.72,0.723,1858.87,5957.57,2926.11,4380.03,2163.37,15308.51
U0174,15,3986.6,3990.29,3989.43,3988.78,13,312.21,0.548,1088.33,60.53,1185.81,244.97,1406.96,3262.2
U0202,17,3325.88,3312.82,2999.25,3212.65,15,228.35,0.459,498.35,259.53,745.82,420.12,1402.06,2812.88
U0003,14,23320.53,21239.02,23144.01,22567.85,11,2250.84,0.789,6431.46,6208.95,5413.48,2967.19,2299.46,19474.56
U0027,5,12666.65,13757.83,14295.79,13573.42,10,1366.85,0.714,1403.18,725.07,4490.53,3286.66,2761.21,12981.68
U0214,17,7269.11,6942.22,7142.58,7117.97,15,519.13,0.824,1706.43,1568.51,573.16,1592.93,1828.08,5983.12
U0078,24,2260.23,2332.38,1917.61,2170.07,11,185.59,0.782,134.46,402.31,639.17,231.42,852.87,1448.88
U0227,10,20650.02,21155.52,18746.41,20183.98,7,2844.59,0.565,3979.09,2041.33,2335.96,7783.63,4510.0,16393.65
U0144,18,3815.25,3796.59,3199.89,3603.91,10,363.54,0.691,937.64,315.38,1879.79,590.51,91.95,3025.35
U0011,15,42464.78,41751.35,39935.26,41383.8,7,5189.91,0.348,3731.02,6045.96,13540.11,13677.21,5470.48,37763.32
U0165,6,14067.67,12309.72,10544.88,12307.42,10,1551.53,0.749,5514.07,2332.0,1055.71,585.99,4579.9,11092.75
U0122,10,22998.97,20048.98,18612.84,20553.59,8,2783.53,0.54,3282.82,5793.58,5096.71,5577.17,3248.69,19932.24
U0037,5,9422.22,9036.45,8572.36,9010.34,12,794.41,0.124,945.95,516.33,2701.49,2468.11,2790.34,8740.85
U0141,8,10451.73,10398.26,9475.51,10108.5,17,698.36,0.965,586.69,3169.01,1144.96,2633.56,2917.51,9092.52
U0096,16,16273.6,15020.63,14680.2,15324.81,10,1494.64,0.83,2104.2,3714.79,1803.57,556.33,8094.72,14717.24
U0241,12,16898.27,17598.99,18220.07,17572.44,10,1706.72,0.707,1784.61,2918.25,3443.72,2828.18,5923.51,11913.75
U0051,22,10240.87,8735.42,9730.55,9568.94,8,1343.05,0.692,1200.31,1567.82,4105.84,2256.82,1110.08,10363.23
U0094,7,3298.93,3488.89,4188.89,3658.91,10,354.18,0.499,366.59,699.0,775.3,946.09,511.96,2371.91
U0129,23,5586.41,5336.66,5143.55,5355.54,13,383.11,0.547,1221.84,274.89,804.49,733.41,2551.77,4966.24
U0166,17,4806.44,4559.51,4421.24,4595.73,9,514.54,0.678,1497.47,2320.96,685.15,100.65,202.2,4031.14
U0109,8,3932.8,3400.13,3346.96,3559.96,6,748.45,0.756,1103.23,686.5,874.36,508.72,759.99,3534.51
U0138,7,23163.5,23179.0,24157.59,23500.03,12,2062.81,0.489,3511.89,2766.29,6228.98,2026.03,8630.31,24620.1
U0204,22,19561.56,19319.62,20056.4,19645.86,13,1619.16,0.293,3465.12,10775.65,901.39,2713.04,1706.35,16458.29
U0025,18,11649.95,11330.56,10832.9,11271.14,10,1000.0,0.594,2435.7,1816.2,1416.31,3972.88,2008.86,12370.14
U0061,16,16843.05,14788.0,14008.69,15213.25,9,2027.8,0.551,777.86,8075.87,686.59,4057.89,3244.82,15330.49
U0144,9,11747.89,11193.18,11978.02,11639.7,13,883.37,0.631,1086.0,1022.19,264.3,1512.6,7862.8,9992.39
U0176,7,5196.31,5514.6,5020.95,5243.95,11,448.99,0.343,703.02,1232.18,1787.61,1083.44,390.05,4653.71
U0136,9,15448.81,14399.26,13843.44,14563.84,9,1618.69,0.39,5379.71,1767.7,5332.54,888.85,2080.02,12906.57
U0210,10,14118.68,16328.7,14092.73,14846.7,14,878.71,0.536,1937.69,5894.14,3744.92,1017.65,1524.27,12696.33
U0075,9,9172.49,9909.13,11439.76,10173.79,6,1555.53,0.79,1820.23,3450.97,2572.76,304.22,1024.3,8376.95
U0240,8,24051.86,23157.59,23597.83,23602.43,10,2533.29,0.712,8591.07,6669.82,4295.82,1174.8,3320.35,21870.36
U0118,22,14395.65,15226.56,13243.17,14288.46,10,1534.14,0.589,4771.46,972.37,3363.57,3735.86,1552.4,13506.79
U0076,15,6353.27,6514.93,5789.35,6219.19,11,517.93,0.623,2169.89,1291.87,790.07,1057.01,1044.43,5289.59
U0162,9,7696.62,8106.21,7962.85,7921.89,11,731.53,0.597,2493.03,383.81,440.43,630.26,3749.1,6391.4
U0077,18,6538.84,6002.41,5661.19,6067.48,9,782.43,0.459,1054.67,676.32,810.18,3756.53,241.14,5523.69
U0215,12,16442.62,15667.66,14094.46,15401.58,14,1338.47,0.506,1967.73,2223.61,4084.1,1285.37,6881.81,14216.73
U0035,6,14524.02,15024.76,15269.66,14939.48,9,1436.53,0.557,1955.18,2220.92,4233.52,3885.87,2228.53,11787.12
U0111,17,12004.57,12665.43,12585.53,12418.51,14,978.02,0.786,3679.07,329.21,3480.25,247.58,4268.46,9319.03
U0130,8,35506.7,30155.54,28522.98,31395.07,9,4439.58,0.297,18935.1,4553.42,724.24,3717.54,7576.4,33583.45
U0221,6,20185.46,21105.51,20721.85,20670.94,13,1433.99,0.52,3477.66,9246.67,574.8,1337.99,5548.33,17327.88
U0152,16,20970.58,21825.2,20875.23,21223.67,9,1998.27,0.734,5142.87,1900.06,3683.58,4724.09,5519.98,19717.74
U0178,14,13570.93,13885.41,12456.55,13304.3,11,1183.08,0.613,6254.62,1292.54,4255.28,605.29,1163.19,11088.67
U0114,17,9083.04,9160.76,9537.9,9260.57,10,975.81,0.615,2636.85,56.71,1244.45,2440.81,2704.22,6971.15
U0114,23,20420.25,20801.93,18503.36,19908.52,15,1252.1,0.354,2461.43,4697.99,6126.62,6359.13,775.08,16948.71
U0175,9,18063.92,17933.81,16086.03,17361.25,17,1219.69,0.793,5444.11,1536.51,5478.76,3522.43,2082.11,13222.64
U0024,9,8878.86,9006.06,8728.07,8871.0,12,755.27,0.76,3816.59,1597.52,1841.17,816.82,806.77,8048.7
U0158,7,40087.62,38757.62,42251.1,40365.44,14,2613.21,0.631,9620.03,12762.62,1968.8,8877.94,6858.23,32068.13
U0185,20,5659.41,5594.86,5318.73,5524.33,8,805.46,0.579,931.24,914.26,1542.9,1117.35,1153.66,4641.34
U0037,4,1879.12,1648.24,1511.16,1679.51,10,213.75,0.537,751.7,454.53,442.21,74.04,156.64,1716.46
U0192,12,10796.18,9032.5,9195.46,9674.71,12,984.36,0.584,7529.37,701.02,563.31,1026.34,976.13,9376.03
U0058,11,2825.04,2629.09,2276.74,2576.96,11,268.78,0.742,739.99,558.54,954.58,112.51,459.42,2073.85
U0123,22,8256.28,8404.82,7321.11,7994.07,6,1193.4,0.353,1797.02,2024.69,886.74,2026.6,1521.22,5992.4
U0248,19,3228.45,3582.95,3198.99,3336.8,10,308.27,0.445,1010.86,531.08,652.57,620.38,413.56,3056.92
U0076,7,4519.83,4925.78,4737.27,4727.63,10,515.1,0.553,442.35,540.75,81.13,167.21,3288.4,3612.42
U0041,6,5395.01,5504.88,6247.23,5715.71,13,386.02,0.655,2803.79,297.04,311.46,976.32,1006.39,4772.03
U0183,15,5716.43,5320.73,6219.82,5752.32,9,665.17,0.8,2240.83,651.14,446.88,772.2,1605.37,4709.37
U0167,14,3084.24,3234.61,3350.65,3223.17,9,311.97,0.577,1675.27,57.12,187.95,789.18,374.72,2377.5
U0088,12,3431.27,3804.57,3655.6,3630.48,12,312.78,0.568,1514.75,985.8,474.52,54.66,401.54,3539.03
U0121,19,4643.34,5252.38,5297.42,5064.38,10,479.95,0.502,1159.87,1845.94,203.87,582.58,851.07,4599.89
U0142,10,21373.43,19219.11,17424.85,19339.13,10,2334.64,0.768,7208.74,4063.61,4107.33,1548.67,4445.09,18072.37
U0032,5,17290.26,17111.1,15058.21,16486.52,12,1441.01,0.531,457.12,2923.52,626.74,4573.36,8709.52,17335.96
U0217,21,8947.9,8464.49,7604.99,8339.12,15,670.36,0.459,3333.99,217.13,2082.19,990.23,2324.36,7315.08
U0069,4,4908.0,4688.08,5010.75,4868.94,13,368.36,0.4,726.04,973.44,276.77,1869.34,1062.41,3827.62
U0020,8,9096.72,8972.79,9955.82,9341.78,11,715.79,0.593,2415.04,469.52,1421.39,2782.44,2008.32,7677.56
U0053,16,11966.91,11812.5,11051.91,11610.44,7,1686.0,0.609,2941.49,694.93,4004.79,2511.43,1814.27,11179.14
U0039,22,7675.5,7121.72,6500.32,7099.18,11,633.24,0.447,2046.59,403.68,1450.29,1876.51,1898.43,6209.6
U0129,17,19824.12,20656.31,20021.24,20167.22,10,2071.77,0.814,1181.55,3601.3,1815.95,3633.55,9591.77,17416.33
U0235,8,6378.16,7170.59,6204.06,6584.27,13,503.91,0.787,928.91,1528.79,1400.94,602.14,1917.38,5957.98
U0113,23,10510.96,9691.26,10145.88,10116.03,6,1643.19,0.635,2859.15,3487.74,565.61,1485.88,2112.58,8626.06
U0107,10,10995.68,10742.26,11980.21,11239.38,15,677.68,0.646,2027.55,1162.29,1331.57,6177.64,296.63,8191.22
U0016,12,14476.37,14390.01,12615.16,13827.18,14,1069.72,0.785,990.53,939.47,3042.51,1909.38,7594.48,11526.13
U0165,14,18332.43,18408.98,17379.89,18040.43,10,1640.75,0.474,2260.8,3383.59,10665.54,1276.34,746.14,12585.8
U0073,14,6969.96,7928.93,8074.86,7657.91,9,880.93,0.458,1510.04,2427.02,716.77,473.92,1842.22,6422.85
U0222,15,8373.54,8414.35,8372.81,8386.9,5,1774.76,0.724,319.12,2056.74,1737.22,1033.77,3226.7,6861.92
U0234,23,6096.73,6307.64,5887.01,6097.13,10,634.8,0.376,731.74,1851.22,809.47,664.88,2039.41,5154.62
U0194,4,2872.64,2772.92,2522.84,2722.8,12,266.32,0.518,240.12,330.32,558.28,55.4,1688.53,2791.75
U0222,6,15792.71,14438.04,13481.34,14570.7,10,1568.29,0.634,3443.22,1414.67,3988.2,1261.99,5684.62,10682.12
U0146,12,18097.5,18142.89,19571.95,18604.11,13,1573.96,0.713,823.65,4895.69,4684.79,956.57,6736.79,14236.41
U0093,22,9305.76,8581.42,7471.71,8452.96,18,460.67,0.65,1165.4,1494.33,1422.0,2043.28,3180.75,8991.6
U0229,18,6574.49,6310.4,5637.69,6174.19,15,412.6,0.485,2344.26,1123.56,333.89,544.32,2228.47,5950.63
U0168,12,11786.57,10083.16,9055.61,10308.45,9,1303.39,0.757,3605.1,1650.54,1284.11,1848.88,3397.94,8419.25
U0039,4,7229.59,6641.12,7178.36,7016.36,11,593.2,0.233,1154.45,853.63,1368.64,956.87,2896.0,5581.2
U0096,24,19308.77,17625.4,15341.04,17425.07,12,1830.12,0.723,1022.97,3122.9,2957.28,8656.96,3548.65,13160.17
U0071,21,10362.69,8375.41,7499.26,8745.79,7,1451.61,0.647,2931.82,1087.8,1447.9,901.49,3993.68,6252.33
U0102,23,44460.78,45292.36,44018.29,44590.48,11,4355.64,0.794,3060.4,19863.61,14802.39,2699.78,4034.59,36258.31
U0109,16,13164.63,12880.53,12944.62,12996.59,13,966.23,0.853,5080.0,1434.21,1159.4,4627.72,863.3,11902.72
U0196,10,56573.79,51054.38,41991.24,49873.13,16,3151.27,0.802,10025.05,13144.23,22306.84,881.04,10216.63,50543.89
U0142,20,4316.82,4691.85,4304.53,4437.73,12,339.26,0.779,441.02,950.51,1414.03,206.03,1305.23,3746.14
U0075,16,3891.77,3959.61,4550.86,4134.08,13,342.52,0.66,346.83,689.4,652.32,1475.23,727.99,3114.67
U0045,10,4293.73,4413.12,3726.98,4144.61,13,314.7,0.715,927.29,840.73,792.7,192.92,1540.08,3984.07
U0093,23,4123.85,4470.4,4967.82,4520.69,12,386.84,0.46,681.61,494.26,168.64,2335.48,443.85,4262.27
U0196,21,3833.1,4018.16,3618.73,3823.33,8,419.45,0.702,1028.22,608.21,578.94,893.87,723.86,3741.5
U0121,11,12402.53,12640.94,12771.64,12605.04,8,1546.46,0.832,6819.31,503.3,2242.33,964.9,1872.69,11053.78
U0130,6,3421.78,3293.48,2949.05,3221.44,9,366.17,0.468,389.92,605.91,164.94,318.39,1942.63,2821.69
U0079,17,9632.46,9160.1,9854.53,9549.03,14,587.33,0.398,3038.66,1215.18,852.37,2569.18,1957.06,7214.98
U0087,24,11746.22,13479.11,13579.73,12935.02,12,1066.92,0.737,2751.33,1626.97,4976.05,1256.89,1134.97,9118.21
U0159,9,10362.82,11056.62,11363.07,10927.51,15,786.84,0.554,936.49,3417.1,629.68,2838.7,2540.85,8616.18
U0246,23,8191.04,8072.58,8501.3,8254.97,7,1111.92,0.479,1908.57,695.96,1493.91,2464.48,1628.13,7148.29
U0243,19,7171.33,6923.25,6270.6,6788.39,13,577.93,0.782,1456.3,1837.41,702.58,1497.38,1677.66,6377.85
U0243,16,4071.46,4250.97,3883.4,4068.61,6,646.2,0.785,367.04,1285.33,430.86,900.79,1087.44,3628.52
U0137,23,10166.72,8693.39,7809.56,8889.89,10,990.6,0.882,1882.9,4741.66,855.44,142.41,2544.3,8576.17
U0224,8,6608.73,6617.08,7579.65,6935.15,10,625.07,0.638,1362.4,960.19,1824.39,1732.17,729.58,6689.11
U0068,13,14592.62,14850.76,16397.5,15280.29,12,1102.31,0.583,2231.74,2892.87,1611.84,7015.14,841.03,12214.86
U0189,14,55552.75,47908.92,43184.36,48882.01,8,6092.68,0.639,11600.6,9751.78,1676.83,22951.14,9572.4,52401.7
U0001,6,28341.25,26312.58,25042.51,26565.45,17,1420.94,0.75,3261.45,1526.9,2354.69,11482.65,9715.55,23923.32
U0012,5,7417.96,8244.08,8153.35,7938.46,13,523.41,0.407,2882.51,1484.8,897.14,587.38,1566.13,6182.44
U0137,9,18830.63,19672.34,18739.84,19080.94,9,2068.97,0.608,7542.25,187.54,1247.2,6639.91,3213.73,17911.36
U0095,4,11232.15,11431.82,12198.51,11620.83,19,623.33,0.281,2507.44,3753.98,1247.77,1104.03,2618.93,11030.26
U0107,9,7059.35,7787.35,7652.06,7499.58,7,1026.3,0.712,810.8,544.17,2080.24,2289.05,1335.08,5379.43
U0010,23,7669.91,7947.73,9786.79,8468.14,6,1190.6,0.655,1622.06,766.94,2024.62,1567.02,1689.27,7533.59
U0126,11,3035.63,2839.42,3516.34,3130.46,9,350.84,0.437,468.11,870.18,179.12,924.7,593.51,2044.56
U0110,7,7652.08,7312.76,6811.55,7258.8,10,738.26,0.875,1648.95,27.85,2944.5,1340.84,1689.94,5511.1
U0217,19,9605.53,9652.16,9587.98,9615.22,11,795.77,0.357,943.96,2072.51,532.74,1666.78,4389.53,8236.37
U0240,10,27360.42,24612.15,22162.58,24711.72,13,2337.68,0.591,4640.22,11158.41,2753.09,1216.58,7592.13,21666.82
U0155,9,26355.57,26797.45,23676.35,25609.79,12,2039.33,0.508,4069.7,6900.82,7961.99,2527.31,4895.75,25225.41
U0028,24,17133.23,16526.03,17534.3,17064.52,12,1398.91,0.739,785.4,6887.56,480.47,4908.78,4071.02,14167.41
U0100,20,5710.99,4809.29,5134.52,5218.26,14,388.07,0.573,373.98,1616.55,2242.35,403.19,1074.92,4862.16
U0147,24,5855.89,6462.68,6875.28,6397.95,15,338.51,0.727,553.83,1179.4,1478.28,939.35,1705.03,3941.74
U0229,20,6670.09,6524.16,7909.03,7034.42,6,1252.83,0.491,1852.99,734.11,1150.26,1625.55,1307.19,6809.59
U0120,19,5123.48,4483.01,4717.76,4774.75,8,569.53,0.808,1787.77,357.42,37.58,212.38,2728.33,4884.35
U0020,20,8075.35,8026.55,7087.21,7729.7,9,955.86,0.816,605.69,1082.95,4187.93,981.78,1216.99,4982.87
U0192,7,6039.11,6389.16,7432.43,6620.23,11,557.23,0.742,1253.13,1004.8,1204.14,2135.63,441.41,4810.69
U0081,20,5707.95,5178.72,5186.26,5357.64,7,833.76,0.747,1313.98,2474.57,1044.5,539.29,335.6,5045.22
U0069,6,2504.14,2761.72,2856.89,2707.58,13,208.63,0.572,847.87,42.83,615.44,223.93,774.07,2136.58
U0191,11,5370.65,5075.72,5232.02,5226.13,10,461.77,0.657,195.85,266.1,622.64,927.29,3358.78,4038.37
U0216,20,11078.43,11774.29,10697.39,11183.37,13,730.55,0.488,4594.71,382.4,3238.68,168.76,2693.88,9930.6
U0148,24,9313.8,8959.82,8306.18,8859.93,10,1066.03,0.638,4459.2,553.98,1100.5,744.2,2455.92,8150.83
U0139,24,12200.68,10596.66,9685.5,10827.61,11,1000.73,0.728,1347.93,4474.29,26.51,3634.3,2717.65,10570.98
U0198,21,6526.7,6825.57,7100.21,6817.49,10,556.81,0.825,1349.65,1120.89,1697.96,1597.22,760.98,5734.69
U0008,14,7498.44,7330.56,7514.75,7447.91,9,855.24,0.584,2317.15,1764.56,993.26,1259.86,1163.6,5780.36
U0006,5,1813.07,1549.39,1375.39,1579.28,9,189.61,0.856,209.55,706.41,211.79,136.28,549.03,1289.06
U0073,24,25882.22,21599.1,18998.08,22159.8,9,2551.9,0.36,7821.36,10215.71,3824.76,1674.85,2345.52,18224.16
U0010,12,17838.62,16005.12,13113.3,15652.35,10,1812.49,0.546,6628.84,3737.26,625.61,1002.32,5844.58,14128.01
U0227,11,6246.5,6623.71,7087.61,6652.61,10,541.01,0.797,1188.44,112.54,1568.62,1915.52,1461.37,4614.1
U0067,19,6509.9,6890.0,7393.82,6931.24,6,1060.95,0.803,580.13,1991.58,2521.43,668.84,747.91,6554.06
U0025,17,34604.35,33655.38,27839.73,32033.15,8,3917.79,0.168,4945.64,12637.84,430.06,8115.28,8475.53,32400.82
U0232,12,9454.21,9392.09,11211.7,10019.33,10,825.68,0.761,2600.44,3414.89,120.23,1046.37,2272.27,8070.73
U0197,21,21412.05,20810.42,20681.66,20968.04,6,4007.07,0.767,2401.32,2092.12,4185.75,1637.63,11095.22,19499.11
U0191,21,5256.1,4806.96,4970.73,5011.26,9,639.31,0.418,558.24,1692.01,411.0,2243.33,351.53,3549.88
U0156,4,6729.16,6692.87,6673.75,6698.6,12,544.48,0.358,1499.64,605.51,1110.35,771.91,2741.75,5525.23
U0122,11,7665.01,8751.8,7939.26,8118.69,9,877.68,0.68,2565.31,209.28,790.96,970.09,3129.37,6527.02
U0110,16,14285.64,12959.51,12845.98,13363.71,12,1190.72,0.56,4713.83,2224.03,1249.13,4215.77,1882.88,12748.31
U0029,5,5434.74,5849.91,6656.68,5980.44,11,453.64,0.577,2941.76,1667.63,365.22,311.16,148.97,4582.38
U0176,23,11295.11,10878.68,12362.39,11512.06,10,1256.68,0.446,295.71,1800.88,881.19,3295.95,5021.39,8592.58
U0160,21,13178.4,12949.94,12195.6,12774.65,10,1303.95,0.828,1455.19,2020.47,2479.53,1421.53,5801.69,10583.22
U0153,13,8523.44,7995.29,9645.45,8721.39,7,1086.45,0.628,1356.21,977.72,492.72,3942.33,1754.45,7080.81
U0165,16,13419.46,13112.91,13392.35,13308.24,11,1384.13,0.63,1786.76,2241.87,3188.35,2706.99,3495.49,12429.42
U0058,24,7733.52,9570.99,9455.33,8919.95,7,1106.85,0.488,522.6,591.4,2934.07,1758.87,1926.58,7981.06
U0117,24,7296.1,7386.52,6415.68,7032.77,12,518.33,0.838,1518.82,1212.32,1097.75,2292.87,1174.35,6840.0
U0204,21,16110.57,17125.22,18694.74,17310.18,15,1061.53,0.534,2235.69,2801.39,2892.31,2884.28,5296.89,14140.61
U0193,22,45829.79,40439.87,37044.08,41104.58,16,3080.73,0.349,19548.32,8467.22,4055.45,8542.89,5215.92,35730.32
U0057,11,7155.83,6875.81,7523.13,7184.92,16,504.92,0.561,2976.02,2515.78,67.82,600.98,995.23,6012.58
U0219,11,8979.8,9497.58,8829.75,9102.37,8,1038.69,0.637,900.14,3169.06,587.61,3348.04,974.94,8350.11
U0184,6,3798.8,4156.55,4384.99,4113.45,10,362.9,0.3,1367.83,835.42,393.66,398.62,803.27,3523.05
U0034,15,10678.5,9779.15,10516.92,10324.86,16,751.64,0.579,497.43,1863.3,2671.58,4084.41,1561.77,9077.67
U0144,23,16573.82,17030.47,18130.65,17244.98,10,1476.79,0.621,3373.61,3996.93,2801.12,1106.11,5296.04,14630.5
U0237,12,34859.52,34364.56,37628.76,35617.61,9,3519.65,0.879,10520.87,8094.34,3138.49,6725.75,6380.07,25708.94
U0161,10,9820.95,9917.17,9428.08,9722.07,12,715.08,0.587,1514.07,597.29,4164.84,1374.5,2170.26,8750.2
U0097,23,6721.52,7527.51,7974.1,7407.71,9,771.71,0.635,2336.89,900.9,939.07,1922.86,621.81,4680.94
U0132,10,6787.01,7225.43,6492.05,6834.83,13,481.2,0.807,724.97,389.62,1383.02,2451.79,1837.62,5922.04
U0113,7,10939.64,10999.94,9947.16,10628.91,10,1004.63,0.423,6135.92,2002.74,777.32,795.63,1228.04,8370.63
U0093,23,6635.49,7829.22,8097.14,7520.62,12,570.8,0.435,329.79,496.1,508.52,929.32,4371.77,6591.17
U0187,9,2223.35,2368.44,2559.14,2383.64,11,189.23,0.648,291.93,248.06,81.5,714.53,887.32,1629.43
U0211,4,15802.45,15292.77,17261.2,16118.81,11,1410.23,0.61,742.51,1704.8,7836.37,2568.07,2950.71,13304.11
U0037,21,18998.09,19401.5,20843.31,19747.63,9,2202.41,0.773,3837.12,2665.29,2952.49,5812.38,3730.81,19764.16
U0001,12,15861.41,15688.32,14851.59,15467.1,9,1706.4,0.657,1695.08,7999.22,2038.02,436.8,3692.29,13091.19
U0012,22,3597.1,4236.43,4260.01,4031.18,9,368.32,0.516,743.28,1183.74,311.03,173.17,1185.88,2872.53
U0012,8,3303.97,3160.88,3599.54,3354.8,16,177.93,0.603,583.75,556.01,1134.18,202.58,827.46,3048.32
U0094,18,3695.66,3725.29,3514.37,3645.1,7,506.86,0.615,1288.36,796.33,364.87,1024.45,221.64,2925.71
U0237,12,7029.29,7527.58,6758.9,7105.26,7,1112.49,0.705,1957.46,1421.29,1147.91,818.47,1684.16,6279.05
U0077,7,8701.62,8345.25,8723.15,8590.01,11,846.49,0.532,785.85,947.49,260.5,2240.37,4467.42,7464.15
U0043,7,7401.23,7855.11,7477.92,7578.09,11,762.5,0.466,1854.49,508.14,3010.41,607.48,1420.71,6568.13
U0240,12,13198.36,12352.25,11570.65,12373.75,15,846.05,0.881,4740.44,131.25,5304.04,767.64,2255.0,10901.59
U0246,10,20228.74,19132.4,18736.64,19365.92,14,1524.57,0.819,3584.31,422.72,7977.75,2723.02,5520.94,18648.62
U0155,8,15893.24,15935.59,12925.31,14918.05,17,847.04,0.485,7062.69,1885.08,1707.75,2668.11,2569.61,14495.38
U0001,22,2189.75,2055.79,2060.76,2102.1,10,219.14,0.744,206.63,279.56,427.1,528.15,748.32,1795.03
U0180,10,8327.27,8190.41,8149.36,8222.35,11,835.91,0.638,2276.51,2914.28,213.74,2171.88,750.85,6096.74
U0075,20,13311.01,12681.35,11618.77,12537.04,10,1288.54,0.757,3711.59,2374.48,2424.68,1084.33,3715.93,11467.14
U0230,9,13921.41,14312.32,12710.79,13648.18,12,1162.66,0.899,2064.16,325.18,692.58,4445.38,6394.12,12148.26
U0135,9,11733.0,12046.01,11806.22,11861.74,9,1126.07,0.826,2421.69,293.96,1785.79,815.77,6415.8,11650.77
U0059,12,3781.76,3831.94,3435.4,3683.04,10,415.26,0.506,823.5,390.81,573.19,214.02,1780.23,2955.28
U0104,23,21081.26,22017.75,20475.53,21191.51,6,3820.37,0.696,4147.84,1385.05,11145.94,412.42,3990.01,15266.05
U0154,17,12875.7,11773.48,11281.59,11976.92,9,1539.24,0.648,3185.67,3808.94,432.2,5038.89,410.0,9966.01
U0067,7,3261.39,3784.36,4061.02,3702.26,12,293.59,0.774,634.71,816.84,450.15,605.2,754.49,2699.83
U0250,15,7796.01,7116.16,7412.23,7441.47,8,1033.71,0.465,625.13,2995.57,733.43,451.22,2990.66,7084.17
U0078,21,6533.95,7110.51,6917.08,6853.85,8,708.5,0.434,1183.35,358.91,2368.01,1838.05,785.63,5227.83
U0240,13,6517.63,6892.15,6464.39,6624.72,13,453.56,0.443,2620.84,578.04,272.34,1028.69,2017.72,5533.9
U0035,16,13720.98,14283.91,14533.02,14179.3,12,1301.87,0.379,2652.95,8218.73,479.13,687.16,1683.01,12213.42
U0207,18,20500.18,18423.57,17701.99,18875.24,8,2841.82,0.836,11549.56,520.16,3099.69,2303.1,3027.66,17617.08
U0031,17,10792.63,10205.39,10628.14,10542.05,5,2229.41,0.307,1730.85,263.56,642.46,3078.62,5077.14,9201.78
U0189,6,12539.26,12458.34,12197.04,12398.21,12,1059.38,0.713,4909.41,1750.85,2135.39,1633.71,2109.9,10447.48
U0216,21,11453.54,10362.32,10153.24,10656.37,13,926.16,0.819,2671.96,1622.67,2550.63,1895.57,2712.7,8674.28
U0082,20,2254.69,2653.26,2446.32,2451.42,10,220.43,0.827,106.06,208.98,1126.15,538.15,275.35,2001.85
U0089,16,14905.0,14464.84,16266.59,15212.14,10,1643.69,0.427,6070.16,1197.24,575.44,691.93,6370.24,12211.4
U0050,8,8417.25,9568.55,9811.8,9265.87,14,676.08,0.673,1399.38,1528.03,1370.52,1151.6,2967.73,7930.29
U0234,20,8790.31,7483.41,7908.5,8060.74,11,679.88,0.495,56.94,2115.99,489.91,434.02,5693.46,8504.72
U0029,10,8809.08,7970.18,9216.65,8665.3,10,841.71,0.557,2073.68,2064.8,2957.04,1088.58,624.98,7585.2
U0095,24,14837.43,13297.7,12462.21,13532.45,17,755.37,0.533,2328.1,2073.79,4778.04,2068.98,3588.52,12459.43
U0222,13,20489.05,23891.24,23348.58,22576.29,14,1456.71,0.783,2002.66,2583.48,1450.58,3757.16,10695.17,23824.63
U0215,20,15702.02,15928.29,13677.73,15102.68,13,1219.53,0.347,6270.78,2260.11,3941.07,2494.99,735.07,14535.6
U0040,12,7550.69,8445.75,8171.33,8055.93,11,681.71,0.341,606.73,1062.24,2387.23,670.68,2823.81,7278.21
U0120,21,3842.19,3968.06,3540.7,3783.65,9,470.87,0.685,623.78,754.56,390.92,1421.09,651.84,3235.87
U0147,9,6304.2,6197.76,6557.47,6353.14,13,471.78,0.78,2288.55,604.85,323.02,856.49,2231.28,4972.53
U0183,15,5838.14,5675.35,5884.55,5799.35,13,433.89,0.536,174.64,982.29,3258.45,463.86,958.91,5122.37
U0207,5,13610.99,11947.76,10089.87,11882.87,8,1866.0,0.482,1808.23,4946.22,3444.83,1087.71,2323.99,10850.54
U0166,22,5365.7,5918.3,6099.2,5794.4,9,673.69,0.662,856.84,557.67,2447.1,470.82,1033.28,4720.51
U0244,20,11698.23,11072.2,10751.41,11173.95,9,1306.44,0.477,3749.47,1712.38,726.06,1630.94,3879.38,8634.29
U0016,19,14750.36,15084.66,14143.05,14659.36,9,1799.01,0.587,3474.91,5651.0,1461.24,909.54,3253.67,12951.88
U0096,22,33262.79,34896.98,36074.48,34744.75,9,3286.98,0.316,18805.85,3941.58,2800.98,361.91,7352.47,31429.85
U0058,16,8005.16,7012.91,7032.89,7350.32,5,1684.72,0.701,1283.35,1178.73,1269.63,3009.3,1264.15,7366.15
U0031,23,13044.07,14661.14,14317.16,14007.46,15,829.81,0.293,3434.06,2023.49,814.79,5631.68,1140.04,12125.45
U0223,10,14917.49,15911.68,17218.42,16015.87,15,1029.32,0.656,2201.37,4025.52,682.78,4986.9,3020.92,11481.12
U0198,19,6994.56,6593.81,6282.64,6623.67,13,508.29,0.783,270.39,685.17,2288.26,1035.75,2714.99,5530.3
U0052,14,12261.64,12626.2,14718.94,13202.26,10,1268.38,0.599,5091.84,3173.19,564.69,1913.6,1518.33,11309.72
U0067,24,17508.15,17388.65,17940.03,17612.28,15,1310.76,0.689,6768.97,181.34,6583.38,490.25,3484.21,15830.09
U0163,4,3904.72,4572.28,5353.84,4610.28,14,243.1,0.87,2266.41,194.81,37.86,514.14,891.49,3477.08
U0190,23,17449.65,17146.69,17241.05,17279.13,10,1775.2,0.456,1167.58,4154.14,5673.43,928.67,5525.82,18495.01
U0040,21,13454.29,11456.76,10998.81,11969.95,7,2159.26,0.516,7200.63,1452.39,716.62,2746.57,1338.07,11182.94
U0026,21,6198.82,5813.39,5862.63,5958.28,9,734.77,0.618,2587.32,174.71,1585.88,53.89,1797.01,4726.78
U0016,21,2482.37,2621.86,2515.44,2539.89,9,311.62,0.265,484.05,194.26,334.41,634.72,834.93,2264.06
U0040,10,4687.34,3932.63,3647.67,4089.21,13,328.16,0.745,1888.39,144.58,144.87,654.81,1854.69,3384.0
U0127,9,21536.3,19972.28,18298.07,19935.55,8,2571.06,0.77,10488.28,2912.9,2717.11,2641.98,2776.04,20962.88
U0191,4,5558.48,5247.53,5112.41,5306.14,13,448.95,0.548,704.48,592.67,485.23,358.31,3417.79,4760.63
U0017,17,44443.02,41938.84,40981.14,42454.34,10,4020.31,0.651,19597.97,2198.86,5531.33,6262.43,10852.42,37633.4
U0192,8,9130.62,7943.43,7527.5,8200.51,21,370.01,0.915,997.83,688.65,1936.64,2121.29,3386.22,6167.28
U0183,8,12757.8,13002.1,12875.28,12878.39,14,1015.78,0.803,3391.36,769.25,6660.4,538.41,1398.38,11385.85
U0030,10,43872.95,49637.12,47848.33,47119.47,7,6716.19,0.852,21216.87,3730.82,9140.99,6236.68,3547.59,39360.97
U0223,19,19909.0,20987.31,19319.86,20072.05,15,1394.08,0.74,782.81,5189.86,3901.06,1533.76,8501.5,19472.48
U0179,8,8166.57,8073.34,8946.81,8395.57,13,694.01,0.755,3025.17,1633.37,177.24,184.93,3145.86,7734.49
U0173,22,15516.94,15418.39,17568.52,16167.95,11,1206.84,0.376,971.44,3660.55,2049.7,6308.93,2526.32,10463.0
U0024,17,14340.59,12543.52,12137.88,13007.33,8,1809.77,0.885,7737.85,891.51,537.82,4187.18,986.23,10970.9
U0003,8,2656.18,2729.37,3120.51,2835.35,13,224.46,0.494,560.38,194.06,1054.0,327.53,520.21,2672.46
U0094,5,4161.77,3781.19,3423.74,3788.9,18,252.71,0.638,866.29,1328.7,470.45,849.24,647.09,2806.72
U0157,23,11043.56,11649.16,11408.18,11366.97,8,1503.63,0.827,4319.58,1526.03,1315.34,591.48,3291.13,11505.66
U0237,8,6156.32,6363.4,6167.95,6229.22,13,522.1,0.477,3961.36,181.65,474.34,667.69,871.28,5827.72
U0106,6,5647.76,5616.74,5794.66,5686.38,8,792.47,0.729,652.2,406.04,2108.33,911.23,1569.97,6072.29
U0112,24,4285.22,4105.68,3467.41,3952.77,8,487.88,0.444,452.54,558.64,81.53,981.88,2210.62,3686.86
U0068,5,5074.87,4672.74,4582.77,4776.79,12,388.74,0.766,594.92,1971.86,412.78,464.25,1631.06,4337.16
U0197,17,14559.89,14446.12,14015.79,14340.6,10,1361.2,0.666,6138.86,1585.62,446.22,2204.96,4184.22,12792.94
U0014,18,6604.72,6514.24,6259.28,6459.41,14,482.88,0.741,842.76,1430.99,1444.2,1888.46,998.31,5750.24
U0206,6,8918.48,10690.09,10225.98,9944.85,15,648.0,0.749,3768.11,202.4,1618.01,2034.1,1295.86,7569.15
U0183,12,9773.88,8147.85,6651.71,8191.15,13,850.37,0.654,1113.07,3064.42,2640.12,1705.54,1250.73,7600.0
U0123,7,20404.04,19150.36,16863.85,18806.08,12,1563.58,0.641,6354.98,2842.44,4379.73,4902.65,1924.24,14841.39
U0009,14,12821.2,11887.29,10498.12,11735.54,13,1018.66,0.796,2053.23,1319.58,3241.2,2503.95,3703.24,9803.89
U0206,16,10560.11,10555.6,10297.04,10470.92,13,752.24,0.9,1285.22,1387.83,3696.94,143.85,4046.27,10001.47
U0010,16,7902.6,7023.52,6957.6,7294.57,7,1045.34,0.606,658.39,112.51,2070.63,4201.76,859.31,6436.4
U0195,8,2148.21,2361.68,2704.97,2404.95,17,107.98,0.92,572.63,715.52,71.55,678.47,110.04,1898.7
U0145,24,6437.13,5929.0,5702.89,6023.01,11,602.06,0.698,1293.34,3221.73,818.21,1003.39,100.45,5131.51
U0171,12,4035.36,4322.55,3828.51,4062.14,12,380.62,0.613,1337.48,346.8,1281.51,335.03,734.54,3416.19
U0081,23,21035.86,21310.02,21529.11,21291.66,9,2320.33,0.416,6486.76,5167.15,4897.27,1904.64,2580.04,18454.85
U0075,19,11719.8,10967.88,13158.36,11948.68,13,844.84,0.809,4190.33,2054.34,3942.24,671.18,861.71,8677.74
U0088,13,4522.16,4526.35,4438.2,4495.57,14,326.43,0.276,1357.48,1605.79,587.87,488.52,482.51,3257.93
U0026,20,30369.41,30754.49,26319.02,29147.64,8,3341.52,0.658,3274.03,2123.26,8254.64,9010.8,7706.68,22571.92
U0090,14,18490.23,20382.17,20603.5,19825.3,11,1813.51,0.673,6165.63,1424.3,4530.53,3509.04,2860.73,16541.85
U0104,24,11602.92,13149.31,14813.38,13188.54,10,1233.47,0.302,1337.81,1085.78,4502.29,1990.84,2686.2,11390.12
U0082,12,5072.8,5101.9,4231.74,4802.15,9,641.58,0.717,2405.22,362.15,93.74,202.0,2009.69,4102.09
U0161,16,23335.01,22991.8,23623.79,23316.87,11,1856.62,0.461,13438.44,3986.83,2533.34,269.63,3106.79,22169.53
U0071,14,20536.81,17335.41,17494.32,18455.51,8,2512.54,0.769,2626.65,3423.24,1711.05,8583.24,4192.62,16066.82
U0052,9,3453.26,3132.2,3097.26,3227.57,12,251.32,0.92,641.04,200.23,394.35,18.85,2198.79,3663.47
U0168,8,14201.42,14021.54,12848.7,13690.55,10,1210.3,0.669,4609.77,1460.28,3005.1,2828.61,2297.67,13175.94
U0130,16,17426.21,16369.32,15282.72,16359.42,12,1559.64,0.577,5062.3,6188.45,1028.38,2935.48,2211.6,11755.59
U0033,14,9850.97,8758.05,9514.55,9374.52,11,976.64,0.783,503.38,1591.59,365.53,1418.64,5971.84,8329.95
U0218,9,17703.52,16523.34,15901.22,16709.36,5,3058.92,0.891,2030.43,4827.52,2611.75,2815.35,5418.48,13434.7
U0209,17,6174.22,6277.28,6225.25,6225.58,8,874.42,0.652,580.37,2923.92,476.3,712.52,1481.12,4884.33
U0023,7,3801.67,4231.6,3782.93,3938.73,7,564.52,0.651,622.56,1163.06,694.06,673.4,648.59,3634.79
U0036,10,9350.74,10140.4,11253.98,10248.38,10,824.12,0.653,1555.14,2421.75,480.13,4151.04,742.67,7861.0
U0157,24,16568.65,15033.18,14475.31,15359.05,13,1111.6,0.471,3146.36,2956.51,567.16,6402.55,3496.06,13131.9
U0198,5,14761.96,14253.65,15730.09,14915.23,14,933.2,0.688,1277.18,5010.88,3439.83,1624.32,3409.75,10493.53
U0170,14,5237.92,4749.38,4922.29,4969.86,10,446.53,0.566,413.57,1417.24,1603.76,324.91,1478.44,4374.38
U0076,5,6735.25,8364.93,6970.98,7357.05,9,757.44,0.851,861.45,2964.91,1134.09,563.29,1211.51,6040.99
U0089,18,3642.49,3576.65,3981.98,3733.71,16,213.86,0.723,222.03,1668.2,188.0,1241.93,322.34,3024.73
U0164,7,9670.95,9838.75,10253.95,9921.21,14,705.35,0.405,3024.62,1840.34,2055.69,99.8,2650.5,7598.34
U0144,6,6012.79,5749.92,5047.47,5603.39,8,833.82,0.892,1264.94,844.72,724.02,2587.49,591.61,4739.22
U0031,8,13729.99,12809.31,13302.61,13280.64,5,2553.88,0.764,6603.81,571.22,235.02,867.85,5452.09,10502.77
U0116,9,4863.49,5084.95,5130.7,5026.38,11,426.59,0.587,726.95,213.69,787.13,573.8,2561.92,4737.55
U0046,13,23330.61,22493.85,23288.89,23037.78,9,2510.29,0.709,356.39,6708.13,2276.29,6483.07,7506.74,18943.41
U0123,13,9228.69,9031.26,8366.75,8875.57,17,543.02,0.901,4187.67,1437.85,1618.82,1239.97,744.39,7601.34
U0008,23,3713.41,3800.75,3447.95,3654.04,13,254.4,0.677,1319.7,160.62,429.17,958.66,845.26,3199.4
U0019,11,7014.82,7215.66,6415.04,6881.84,16,420.88,0.592,1418.62,269.93,374.98,2005.72,2945.57,5934.95
U0143,23,6881.13,6500.02,5748.54,6376.56,8,832.31,0.855,1548.77,1396.49,632.86,606.83,2696.17,5879.84
U0207,7,7011.68,6560.37,5955.11,6509.05,9,876.31,0.531,1996.32,600.66,1367.15,1060.03,1987.52,5350.77
U0136,17,4895.58,4922.96,4880.71,4899.75,12,382.1,0.537,1137.28,285.97,661.63,1749.6,1061.1,3345.84
U0067,11,10449.72,10354.89,9557.09,10120.57,7,1377.91,0.441,934.25,1446.48,3418.85,3098.78,1551.36,10347.44
U0207,14,10986.36,11163.21,10434.87,10861.48,10,1254.9,0.572,1373.92,347.45,5206.11,314.06,3744.82,10472.96
U0213,7,3750.94,4068.74,4295.14,4038.27,14,273.64,0.935,909.16,232.85,859.75,998.31,750.87,3639.17
U0123,19,21616.43,19412.39,18197.4,19742.07,12,1882.53,0.585,2549.71,9365.86,4886.08,2698.98,2115.79,17497.23
U0241,7,9070.2,9875.9,11166.75,10037.62,10,843.91,0.265,2023.01,1102.8,1267.91,3214.1,1462.39,8114.05
U0089,19,5332.24,5132.86,4531.04,4998.71,13,376.06,0.734,2223.27,194.72,1758.74,835.29,320.22,5139.62
U0043,7,5515.41,5119.53,5388.91,5341.29,8,588.84,0.582,1985.64,251.45,934.54,1060.93,1282.85,5163.37
U0115,15,4352.55,4345.42,5190.48,4629.48,16,295.5,0.745,256.41,648.18,980.32,367.76,2099.88,4305.26
U0077,16,8285.81,9097.86,9199.21,8860.96,12,630.46,0.628,1168.29,2222.89,1444.1,1015.5,2435.04,7665.69
U0023,24,8948.19,8831.58,8411.16,8730.31,14,711.46,0.682,618.3,1603.06,3114.95,2472.8,1139.08,10228.44
U0070,22,14086.62,14409.09,14322.92,14272.87,13,1111.22,0.383,2520.06,4273.47,2320.03,1429.39,3543.67,11785.99
U0217,12,21341.07,19655.49,20873.84,20623.47,13,1614.36,0.636,4972.02,9281.64,1296.58,4162.32,1628.52,18235.85
U0001,17,4627.83,4262.51,4144.17,4344.83,10,449.88,0.504,737.76,510.0,1157.21,1094.99,1127.88,4228.47
U0202,6,14187.98,16608.62,16168.48,15655.03,12,1023.9,0.501,1995.04,3354.69,2613.54,5577.99,646.72,12632.88
U0007,11,6592.01,6275.97,6127.82,6331.93,10,749.51,0.867,833.37,1526.41,2405.92,385.54,1440.78,4996.17
U0026,11,14929.7,15884.84,16217.91,15677.48,8,1690.92,0.637,5752.51,3776.94,585.79,632.09,4182.37,12847.27
U0085,17,14876.39,16748.32,16967.81,16197.51,10,1539.34,0.643,1990.53,2913.39,4544.85,2005.45,3422.17,11833.85
U0222,5,5757.91,5766.78,5296.35,5607.01,12,523.62,0.299,611.58,224.13,2171.64,964.48,1786.08,5341.46
U0194,20,26583.83,26803.72,26395.1,26594.22,13,1972.23,0.665,8669.36,4438.28,750.91,9141.95,3583.34,25339.34
U0239,23,3894.63,3856.28,3639.21,3796.71,9,369.0,0.654,366.89,74.79,1240.16,1600.18,612.62,3789.94
U0097,12,15453.5,15089.43,16613.3,15718.74,12,1424.09,0.472,4848.46,3131.34,1574.44,3891.05,2008.21,12056.46
U0092,11,5169.76,6323.67,6401.95,5965.13,11,427.16,0.717,1730.06,435.24,1688.95,176.64,1138.87,4333.92
U0239,21,15497.56,14332.7,13134.73,14321.66,10,1623.12,0.721,1611.7,2634.32,5319.94,3447.03,2484.57,13149.45
U0197,9,3171.59,3696.25,3610.94,3492.92,11,290.07,0.512,1158.36,455.6,796.18,682.78,78.66,3018.38
U0134,14,12495.12,12332.29,14396.72,13074.71,11,1128.92,0.54,875.29,4576.18,3177.12,2056.01,1810.52,10734.97
U0097,23,20072.13,18887.22,20086.83,19682.06,12,1793.67,0.735,7387.27,2731.52,415.09,891.41,8646.85,17930.77
U0070,4,10091.34,10389.01,11572.71,10684.35,11,991.38,0.756,4118.71,679.55,1190.82,1491.78,2610.49,9303.84
U0180,21,7841.13,7988.15,7865.95,7898.41,14,519.69,0.512,747.8,1832.33,3750.83,472.71,1037.45,6000.73
U0073,8,11105.36,8903.84,8458.55,9489.25,15,682.71,0.821,1630.94,3915.18,790.0,2841.91,1927.34,7557.12
U0006,19,22404.41,24979.05,24920.66,24101.37,15,1670.02,0.705,8370.66,3183.27,5579.94,856.95,4413.58,20842.71
U0167,15,15276.94,14732.14,15679.83,15229.63,9,1811.97,0.792,3316.51,1383.89,1763.36,5983.07,2830.1,12490.03
U0161,18,12052.88,12694.96,14362.27,13036.7,10,1126.7,0.892,1757.61,4555.5,713.12,3973.22,1053.43,8480.53
U0127,23,6826.2,5644.2,5425.53,5965.31,6,1295.96,0.913,1162.05,1340.51,496.08,2413.21,1414.35,5942.35
U0116,13,24913.43,22878.45,19829.77,22540.55,16,1478.12,0.638,10825.37,3596.54,2511.8,4807.65,3172.07,20060.85
U0156,24,9237.61,9648.09,10790.11,9891.94,12,867.22,0.77,2066.54,3491.46,550.54,939.74,2189.33,8703.72
U0191,7,6158.82,6455.54,6939.84,6518.07,14,415.17,0.816,1840.36,354.18,1249.99,950.78,1763.51,4555.13
U0073,23,2762.48,2602.1,2312.03,2558.87,11,240.41,0.572,444.08,123.04,870.87,429.53,894.96,2045.05
U0084,22,8727.91,8504.63,8067.81,8433.45,7,1408.91,0.634,1940.54,426.63,175.44,1694.61,4490.7,7586.71
U0029,22,30627.83,28572.07,25533.4,28244.43,7,4911.82,0.654,13177.41,6884.15,2164.35,1399.71,7002.21,23046.77
U0234,15,15869.69,14896.54,15080.11,15282.11,10,1507.61,0.693,3429.36,5563.71,2337.4,2977.35,1561.87,11612.23
U0249,19,29331.2,28189.77,29194.56,28905.18,11,3046.64,0.63,2992.52,1243.55,12204.81,7458.34,5431.98,25748.07
U0187,23,18640.0,16479.79,15569.2,16896.33,18,1168.08,0.708,892.55,8227.87,689.02,1274.63,7555.94,19389.17
U0234,11,12160.87,12668.54,11792.05,12207.16,11,1189.28,0.507,1668.19,2834.77,1653.79,3162.6,2841.52,10167.86
U0056,17,9708.03,9711.53,10585.08,10001.55,12,844.42,0.906,2717.23,460.59,916.96,2980.66,2632.59,8975.4
U0233,20,41937.95,45273.42,45169.4,44126.92,16,2409.06,0.919,8617.55,1288.94,8259.2,9653.34,14118.91,36410.27
U0146,15,4982.62,4518.29,4213.96,4571.62,9,476.95,0.493,810.92,1496.26,591.75,1123.19,960.49,3561.96
U0223,21,12322.76,11476.36,10663.25,11487.46,7,1827.3,0.451,7102.54,2585.57,1028.6,118.09,1487.96,9901.29
U0115,21,12322.51,11159.45,9773.31,11085.09,13,928.24,0.654,4837.32,1646.9,3767.44,1635.24,435.6,9304.6
U0018,9,22028.32,22952.54,21415.08,22131.98,7,3280.75,0.728,3478.72,3850.91,3641.12,1328.89,9728.68,14579.8
U0013,23,12995.6,12534.19,13155.59,12895.12,11,1215.84,0.36,4933.41,1642.66,3440.31,990.57,1988.66,11398.09
U0056,17,4872.11,4661.45,4296.92,4610.16,15,324.87,0.582,175.6,721.91,2483.74,869.93,620.92,4022.49
U0041,15,4920.54,4432.06,4937.44,4763.34,13,354.69,0.583,779.82,597.85,976.85,1709.32,856.7,3692.49
U0179,10,3949.24,4254.03,4553.17,4252.15,14,243.0,0.497,1119.91,105.09,478.36,883.18,1362.7,2737.17
U0197,22,12227.61,13212.56,11756.36,12398.85,16,719.83,0.682,2478.68,816.41,1894.79,2239.56,4798.17,9028.84
U0028,8,7952.72,8182.34,9374.97,8503.35,14,533.86,0.634,1584.78,1902.39,1185.89,753.8,2525.86,6323.97
U0036,23,6102.68,5516.46,5613.1,5744.08,6,951.88,0.73,462.34,677.69,2035.11,38.8,2888.74,5380.65
U0172,13,12365.37,11661.57,12241.51,12089.48,14,766.72,0.733,3831.94,1408.46,2480.27,3890.59,754.11,9885.99
U0072,20,5342.93,6219.82,6129.66,5897.47,12,490.48,0.49,1746.02,1283.18,536.15,548.13,1229.44,4027.69
U0142,23,4974.83,4587.97,4694.3,4752.36,10,463.96,0.749,1726.36,39.63,256.03,1685.34,1267.47,4289.52
U0157,11,16728.99,17010.84,15269.33,16336.39,8,2033.91,0.367,5318.2,2401.8,1804.19,3445.05,3759.75,13938.76
U0032,17,30171.16,32100.49,32656.91,31642.85,14,2216.07,0.445,1519.55,2285.12,13646.24,11252.45,1467.8,22067.15
U0052,11,11933.18,13180.37,13516.89,12876.82,12,1129.58,0.453,1435.81,1858.98,1068.59,4475.84,3093.97,10204.6
U0168,5,6177.03,5996.3,5894.35,6022.56,17,342.62,0.412,1236.24,640.56,1122.92,495.02,2682.28,6339.28
U0098,4,8755.04,8720.16,7652.08,8375.76,16,476.11,0.476,2129.75,730.23,1064.7,4004.13,826.24,6580.92
U0190,23,14494.17,14457.9,14854.48,14602.18,6,2150.41,0.461,8204.34,1800.17,1943.87,1578.29,967.49,14286.45
U0160,12,5547.97,4876.29,4143.7,4855.98,12,497.52,0.517,1854.21,1275.41,1360.44,765.23,292.69,5400.47
U0229,16,2664.92,3005.27,3309.56,2993.25,15,188.33,0.693,194.55,237.98,205.0,743.9,1283.5,2464.19
U0182,24,4057.67,3391.86,3528.13,3659.22,12,294.05,0.852,409.24,978.33,864.82,610.48,1194.8,3069.15
U0198,15,12419.37,12478.07,11879.22,12258.89,10,1173.35,0.562,283.69,2308.68,5247.53,2201.88,2377.59,10092.81
U0039,12,3868.82,4142.91,4712.64,4241.46,17,244.34,0.668,915.69,38.12,376.46,1425.0,1113.55,3684.04
U0196,11,2777.7,3447.36,3316.9,3180.65,7,346.44,0.572,1128.15,92.2,50.74,436.05,1070.56,2423.23
